mv: /Users/zhaozhiguo/.openclaw/workspace/memory/archive/2026-03-16-openclaw-control-ui.md and /Users/zhaozhiguo/.openclaw/workspace/memory/archive/2026-03-16-openclaw-control-ui.md are identical
mv: /Users/zhaozhiguo/.openclaw/workspace/memory/archive/2026-03-16-http-401-authentication-error-.md and /Users/zhaozhiguo/.openclaw/workspace/memory/archive/2026-03-16-http-401-authentication-error-.md are identical
mv: /Users/zhaozhiguo/.openclaw/workspace/memory/archive/2026-03-16-russian-language.md and /Users/zhaozhiguo/.openclaw/workspace/memory/archive/2026-03-16-russian-language.md are identical
mv: /Users/zhaozhiguo/.openclaw/workspace/memory/archive/2026-03-17-russia-child-travel.md and /Users/zhaozhiguo/.openclaw/workspace/memory/archive/2026-03-17-russia-child-travel.md are identical
mv: /Users/zhaozhiguo/.openclaw/workspace/memory/archive/2026-03-17-russian-version.md and /Users/zhaozhiguo/.openclaw/workspace/memory/archive/2026-03-17-russian-version.md are identical
mv: /Users/zhaozhiguo/.openclaw/workspace/memory/archive/2026-03-16-vendor-inquiry.md and /Users/zhaozhiguo/.openclaw/workspace/memory/archive/2026-03-16-vendor-inquiry.md are identical
mv: /Users/zhaozhiguo/.openclaw/workspace/memory/archive/2026-03-16-openclaw-control-ui.md and /Users/zhaozhiguo/.openclaw/workspace/memory/archive/2026-03-16-openclaw-control-ui.md are identical
mv: /Users/zhaozhiguo/.openclaw/workspace/memory/archive/2026-03-16-http-401-authentication-error-.md and /Users/zhaozhiguo/.openclaw/workspace/memory/archive/2026-03-16-http-401-authentication-error-.md are identical
mv: /Users/zhaozhiguo/.openclaw/workspace/memory/archive/2026-03-16-russian-language.md and /Users/zhaozhiguo/.openclaw/workspace/memory/archive/2026-03-16-russian-language.md are identical
mv: /Users/zhaozhiguo/.openclaw/workspace/memory/archive/2026-03-17-russia-child-travel.md and /Users/zhaozhiguo/.openclaw/workspace/memory/archive/2026-03-17-russia-child-travel.md are identical
mv: /Users/zhaozhiguo/.openclaw/workspace/memory/archive/2026-03-17-russian-version.md and /Users/zhaozhiguo/.openclaw/workspace/memory/archive/2026-03-17-russian-version.md are identical
mv: /Users/zhaozhiguo/.openclaw/workspace/memory/archive/2026-03-16-vendor-inquiry.md and /Users/zhaozhiguo/.openclaw/workspace/memory/archive/2026-03-16-vendor-inquiry.md are identical
mv: /Users/zhaozhiguo/.openclaw/workspace/memory/archive/2026-03-16-openclaw-control-ui.md and /Users/zhaozhiguo/.openclaw/workspace/memory/archive/2026-03-16-openclaw-control-ui.md are identical
mv: /Users/zhaozhiguo/.openclaw/workspace/memory/archive/2026-03-26.md and /Users/zhaozhiguo/.openclaw/workspace/memory/archive/2026-03-26.md are identical
mv: /Users/zhaozhiguo/.openclaw/workspace/memory/archive/2026-03-16-http-401-authentication-error-.md and /Users/zhaozhiguo/.openclaw/workspace/memory/archive/2026-03-16-http-401-authentication-error-.md are identical
mv: /Users/zhaozhiguo/.openclaw/workspace/memory/archive/2026-03-16-russian-language.md and /Users/zhaozhiguo/.openclaw/workspace/memory/archive/2026-03-16-russian-language.md are identical
mv: /Users/zhaozhiguo/.openclaw/workspace/memory/archive/2026-03-17-russia-child-travel.md and /Users/zhaozhiguo/.openclaw/workspace/memory/archive/2026-03-17-russia-child-travel.md are identical
mv: /Users/zhaozhiguo/.openclaw/workspace/memory/archive/2026-03-17-russian-version.md and /Users/zhaozhiguo/.openclaw/workspace/memory/archive/2026-03-17-russian-version.md are identical
mv: /Users/zhaozhiguo/.openclaw/workspace/memory/archive/2026-03-16-vendor-inquiry.md and /Users/zhaozhiguo/.openclaw/workspace/memory/archive/2026-03-16-vendor-inquiry.md are identical
mv: /Users/zhaozhiguo/.openclaw/workspace/memory/archive/2026-03-16-openclaw-control-ui.md and /Users/zhaozhiguo/.openclaw/workspace/memory/archive/2026-03-16-openclaw-control-ui.md are identical
mv: /Users/zhaozhiguo/.openclaw/workspace/memory/archive/2026-03-26.md and /Users/zhaozhiguo/.openclaw/workspace/memory/archive/2026-03-26.md are identical
mv: /Users/zhaozhiguo/.openclaw/workspace/memory/archive/2026-03-16-http-401-authentication-error-.md and /Users/zhaozhiguo/.openclaw/workspace/memory/archive/2026-03-16-http-401-authentication-error-.md are identical
mv: /Users/zhaozhiguo/.openclaw/workspace/memory/archive/2026-03-16-russian-language.md and /Users/zhaozhiguo/.openclaw/workspace/memory/archive/2026-03-16-russian-language.md are identical
mv: /Users/zhaozhiguo/.openclaw/workspace/memory/archive/2026-03-17-russia-child-travel.md and /Users/zhaozhiguo/.openclaw/workspace/memory/archive/2026-03-17-russia-child-travel.md are identical
mv: /Users/zhaozhiguo/.openclaw/workspace/memory/archive/2026-03-17-russian-version.md and /Users/zhaozhiguo/.openclaw/workspace/memory/archive/2026-03-17-russian-version.md are identical
mv: /Users/zhaozhiguo/.openclaw/workspace/memory/archive/2026-03-16-vendor-inquiry.md and /Users/zhaozhiguo/.openclaw/workspace/memory/archive/2026-03-16-vendor-inquiry.md are identical
mv: /Users/zhaozhiguo/.openclaw/workspace/memory/archive/2026-03-16-openclaw-control-ui.md and /Users/zhaozhiguo/.openclaw/workspace/memory/archive/2026-03-16-openclaw-control-ui.md are identical
mv: /Users/zhaozhiguo/.openclaw/workspace/memory/archive/2026-03-26.md and /Users/zhaozhiguo/.openclaw/workspace/memory/archive/2026-03-26.md are identical
mv: /Users/zhaozhiguo/.openclaw/workspace/memory/archive/2026-03-16-http-401-authentication-error-.md and /Users/zhaozhiguo/.openclaw/workspace/memory/archive/2026-03-16-http-401-authentication-error-.md are identical
mv: /Users/zhaozhiguo/.openclaw/workspace/memory/archive/2026-03-16-russian-language.md and /Users/zhaozhiguo/.openclaw/workspace/memory/archive/2026-03-16-russian-language.md are identical
mv: /Users/zhaozhiguo/.openclaw/workspace/memory/archive/2026-03-28.md and /Users/zhaozhiguo/.openclaw/workspace/memory/archive/2026-03-28.md are identical
mv: /Users/zhaozhiguo/.openclaw/workspace/memory/archive/2026-03-17-russia-child-travel.md and /Users/zhaozhiguo/.openclaw/workspace/memory/archive/2026-03-17-russia-child-travel.md are identical
mv: /Users/zhaozhiguo/.openclaw/workspace/memory/archive/2026-03-17-russian-version.md and /Users/zhaozhiguo/.openclaw/workspace/memory/archive/2026-03-17-russian-version.md are identical
mv: /Users/zhaozhiguo/.openclaw/workspace/memory/archive/2026-03-16-vendor-inquiry.md and /Users/zhaozhiguo/.openclaw/workspace/memory/archive/2026-03-16-vendor-inquiry.md are identical
mv: /Users/zhaozhiguo/.openclaw/workspace/memory/archive/2026-03-16-openclaw-control-ui.md and /Users/zhaozhiguo/.openclaw/workspace/memory/archive/2026-03-16-openclaw-control-ui.md are identical
mv: /Users/zhaozhiguo/.openclaw/workspace/memory/archive/2026-03-26.md and /Users/zhaozhiguo/.openclaw/workspace/memory/archive/2026-03-26.md are identical
mv: /Users/zhaozhiguo/.openclaw/workspace/memory/archive/2026-03-16-http-401-authentication-error-.md and /Users/zhaozhiguo/.openclaw/workspace/memory/archive/2026-03-16-http-401-authentication-error-.md are identical
mv: /Users/zhaozhiguo/.openclaw/workspace/memory/archive/2026-03-16-russian-language.md and /Users/zhaozhiguo/.openclaw/workspace/memory/archive/2026-03-16-russian-language.md are identical
mv: /Users/zhaozhiguo/.openclaw/workspace/memory/archive/2026-03-28.md and /Users/zhaozhiguo/.openclaw/workspace/memory/archive/2026-03-28.md are identical
mv: /Users/zhaozhiguo/.openclaw/workspace/memory/archive/2026-03-17-russia-child-travel.md and /Users/zhaozhiguo/.openclaw/workspace/memory/archive/2026-03-17-russia-child-travel.md are identical
mv: /Users/zhaozhiguo/.openclaw/workspace/memory/archive/2026-03-29.md and /Users/zhaozhiguo/.openclaw/workspace/memory/archive/2026-03-29.md are identical
mv: /Users/zhaozhiguo/.openclaw/workspace/memory/archive/2026-03-17-russian-version.md and /Users/zhaozhiguo/.openclaw/workspace/memory/archive/2026-03-17-russian-version.md are identical
mv: /Users/zhaozhiguo/.openclaw/workspace/memory/archive/2026-03-16-vendor-inquiry.md and /Users/zhaozhiguo/.openclaw/workspace/memory/archive/2026-03-16-vendor-inquiry.md are identical
mv: /Users/zhaozhiguo/.openclaw/workspace/memory/archive/2026-03-16-openclaw-control-ui.md and /Users/zhaozhiguo/.openclaw/workspace/memory/archive/2026-03-16-openclaw-control-ui.md are identical
mv: /Users/zhaozhiguo/.openclaw/workspace/memory/archive/2026-03-26.md and /Users/zhaozhiguo/.openclaw/workspace/memory/archive/2026-03-26.md are identical
mv: /Users/zhaozhiguo/.openclaw/workspace/memory/archive/2026-03-16-http-401-authentication-error-.md and /Users/zhaozhiguo/.openclaw/workspace/memory/archive/2026-03-16-http-401-authentication-error-.md are identical
mv: /Users/zhaozhiguo/.openclaw/workspace/memory/archive/2026-03-16-russian-language.md and /Users/zhaozhiguo/.openclaw/workspace/memory/archive/2026-03-16-russian-language.md are identical
mv: /Users/zhaozhiguo/.openclaw/workspace/memory/archive/2026-03-28.md and /Users/zhaozhiguo/.openclaw/workspace/memory/archive/2026-03-28.md are identical
mv: /Users/zhaozhiguo/.openclaw/workspace/memory/archive/2026-03-17-russia-child-travel.md and /Users/zhaozhiguo/.openclaw/workspace/memory/archive/2026-03-17-russia-child-travel.md are identical
mv: /Users/zhaozhiguo/.openclaw/workspace/memory/archive/2026-03-29.md and /Users/zhaozhiguo/.openclaw/workspace/memory/archive/2026-03-29.md are identical
mv: /Users/zhaozhiguo/.openclaw/workspace/memory/archive/2026-03-17-russian-version.md and /Users/zhaozhiguo/.openclaw/workspace/memory/archive/2026-03-17-russian-version.md are identical
mv: /Users/zhaozhiguo/.openclaw/workspace/memory/archive/2026-03-16-vendor-inquiry.md and /Users/zhaozhiguo/.openclaw/workspace/memory/archive/2026-03-16-vendor-inquiry.md are identical
mv: /Users/zhaozhiguo/.openclaw/workspace/memory/archive/2026-03-30.md and /Users/zhaozhiguo/.openclaw/workspace/memory/archive/2026-03-30.md are identical
mv: /Users/zhaozhiguo/.openclaw/workspace/memory/archive/2026-03-16-openclaw-control-ui.md and /Users/zhaozhiguo/.openclaw/workspace/memory/archive/2026-03-16-openclaw-control-ui.md are identical
mv: /Users/zhaozhiguo/.openclaw/workspace/memory/archive/2026-03-26.md and /Users/zhaozhiguo/.openclaw/workspace/memory/archive/2026-03-26.md are identical
mv: /Users/zhaozhiguo/.openclaw/workspace/memory/archive/2026-03-16-http-401-authentication-error-.md and /Users/zhaozhiguo/.openclaw/workspace/memory/archive/2026-03-16-http-401-authentication-error-.md are identical
mv: /Users/zhaozhiguo/.openclaw/workspace/memory/archive/2026-03-16-russian-language.md and /Users/zhaozhiguo/.openclaw/workspace/memory/archive/2026-03-16-russian-language.md are identical
mv: /Users/zhaozhiguo/.openclaw/workspace/memory/archive/2026-03-28.md and /Users/zhaozhiguo/.openclaw/workspace/memory/archive/2026-03-28.md are identical
mv: /Users/zhaozhiguo/.openclaw/workspace/memory/archive/2026-03-17-russia-child-travel.md and /Users/zhaozhiguo/.openclaw/workspace/memory/archive/2026-03-17-russia-child-travel.md are identical
mv: /Users/zhaozhiguo/.openclaw/workspace/memory/archive/2026-03-29.md and /Users/zhaozhiguo/.openclaw/workspace/memory/archive/2026-03-29.md are identical
mv: /Users/zhaozhiguo/.openclaw/workspace/memory/archive/2026-03-17-russian-version.md and /Users/zhaozhiguo/.openclaw/workspace/memory/archive/2026-03-17-russian-version.md are identical
mv: /Users/zhaozhiguo/.openclaw/workspace/memory/archive/2026-03-16-vendor-inquiry.md and /Users/zhaozhiguo/.openclaw/workspace/memory/archive/2026-03-16-vendor-inquiry.md are identical
mv: /Users/zhaozhiguo/.openclaw/workspace/memory/archive/2026-03-30.md and /Users/zhaozhiguo/.openclaw/workspace/memory/archive/2026-03-30.md are identical
mv: /Users/zhaozhiguo/.openclaw/workspace/memory/archive/2026-03-31-russian.md and /Users/zhaozhiguo/.openclaw/workspace/memory/archive/2026-03-31-russian.md are identical
mv: /Users/zhaozhiguo/.openclaw/workspace/memory/archive/2026-03-31.md and /Users/zhaozhiguo/.openclaw/workspace/memory/archive/2026-03-31.md are identical
mv: /Users/zhaozhiguo/.openclaw/workspace/memory/archive/2026-03-16-openclaw-control-ui.md and /Users/zhaozhiguo/.openclaw/workspace/memory/archive/2026-03-16-openclaw-control-ui.md are identical
mv: /Users/zhaozhiguo/.openclaw/workspace/memory/archive/2026-03-26.md and /Users/zhaozhiguo/.openclaw/workspace/memory/archive/2026-03-26.md are identical
mv: /Users/zhaozhiguo/.openclaw/workspace/memory/archive/2026-03-16-http-401-authentication-error-.md and /Users/zhaozhiguo/.openclaw/workspace/memory/archive/2026-03-16-http-401-authentication-error-.md are identical
mv: /Users/zhaozhiguo/.openclaw/workspace/memory/archive/2026-03-16-russian-language.md and /Users/zhaozhiguo/.openclaw/workspace/memory/archive/2026-03-16-russian-language.md are identical
mv: /Users/zhaozhiguo/.openclaw/workspace/memory/archive/2026-03-28.md and /Users/zhaozhiguo/.openclaw/workspace/memory/archive/2026-03-28.md are identical
mv: /Users/zhaozhiguo/.openclaw/workspace/memory/archive/2026-03-17-russia-child-travel.md and /Users/zhaozhiguo/.openclaw/workspace/memory/archive/2026-03-17-russia-child-travel.md are identical
mv: /Users/zhaozhiguo/.openclaw/workspace/memory/archive/2026-03-29.md and /Users/zhaozhiguo/.openclaw/workspace/memory/archive/2026-03-29.md are identical
mv: /Users/zhaozhiguo/.openclaw/workspace/memory/archive/2026-03-17-russian-version.md and /Users/zhaozhiguo/.openclaw/workspace/memory/archive/2026-03-17-russian-version.md are identical
mv: /Users/zhaozhiguo/.openclaw/workspace/memory/archive/2026-03-16-vendor-inquiry.md and /Users/zhaozhiguo/.openclaw/workspace/memory/archive/2026-03-16-vendor-inquiry.md are identical
mv: /Users/zhaozhiguo/.openclaw/workspace/memory/archive/2026-03-30.md and /Users/zhaozhiguo/.openclaw/workspace/memory/archive/2026-03-30.md are identical
mv: /Users/zhaozhiguo/.openclaw/workspace/memory/archive/2026-03-31-russian.md and /Users/zhaozhiguo/.openclaw/workspace/memory/archive/2026-03-31-russian.md are identical
mv: /Users/zhaozhiguo/.openclaw/workspace/memory/archive/2026-03-31.md and /Users/zhaozhiguo/.openclaw/workspace/memory/archive/2026-03-31.md are identical
mv: /Users/zhaozhiguo/.openclaw/workspace/memory/archive/2026-03-16-openclaw-control-ui.md and /Users/zhaozhiguo/.openclaw/workspace/memory/archive/2026-03-16-openclaw-control-ui.md are identical
mv: /Users/zhaozhiguo/.openclaw/workspace/memory/archive/2026-03-26.md and /Users/zhaozhiguo/.openclaw/workspace/memory/archive/2026-03-26.md are identical
mv: /Users/zhaozhiguo/.openclaw/workspace/memory/archive/2026-03-16-http-401-authentication-error-.md and /Users/zhaozhiguo/.openclaw/workspace/memory/archive/2026-03-16-http-401-authentication-error-.md are identical
mv: /Users/zhaozhiguo/.openclaw/workspace/memory/archive/2026-03-16-russian-language.md and /Users/zhaozhiguo/.openclaw/workspace/memory/archive/2026-03-16-russian-language.md are identical
mv: /Users/zhaozhiguo/.openclaw/workspace/memory/archive/2026-03-28.md and /Users/zhaozhiguo/.openclaw/workspace/memory/archive/2026-03-28.md are identical
mv: /Users/zhaozhiguo/.openclaw/workspace/memory/archive/2026-03-17-russia-child-travel.md and /Users/zhaozhiguo/.openclaw/workspace/memory/archive/2026-03-17-russia-child-travel.md are identical
mv: /Users/zhaozhiguo/.openclaw/workspace/memory/archive/2026-03-29.md and /Users/zhaozhiguo/.openclaw/workspace/memory/archive/2026-03-29.md are identical
mv: /Users/zhaozhiguo/.openclaw/workspace/memory/archive/2026-03-17-russian-version.md and /Users/zhaozhiguo/.openclaw/workspace/memory/archive/2026-03-17-russian-version.md are identical
mv: /Users/zhaozhiguo/.openclaw/workspace/memory/archive/2026-03-16-vendor-inquiry.md and /Users/zhaozhiguo/.openclaw/workspace/memory/archive/2026-03-16-vendor-inquiry.md are identical
mv: /Users/zhaozhiguo/.openclaw/workspace/memory/archive/2026-03-30.md and /Users/zhaozhiguo/.openclaw/workspace/memory/archive/2026-03-30.md are identical
mv: /Users/zhaozhiguo/.openclaw/workspace/memory/archive/2026-03-31-russian.md and /Users/zhaozhiguo/.openclaw/workspace/memory/archive/2026-03-31-russian.md are identical
mv: /Users/zhaozhiguo/.openclaw/workspace/memory/archive/2026-03-31.md and /Users/zhaozhiguo/.openclaw/workspace/memory/archive/2026-03-31.md are identical
mv: /Users/zhaozhiguo/.openclaw/workspace/memory/archive/2026-03-16-openclaw-control-ui.md and /Users/zhaozhiguo/.openclaw/workspace/memory/archive/2026-03-16-openclaw-control-ui.md are identical
mv: /Users/zhaozhiguo/.openclaw/workspace/memory/archive/2026-03-26.md and /Users/zhaozhiguo/.openclaw/workspace/memory/archive/2026-03-26.md are identical
mv: /Users/zhaozhiguo/.openclaw/workspace/memory/archive/2026-03-16-http-401-authentication-error-.md and /Users/zhaozhiguo/.openclaw/workspace/memory/archive/2026-03-16-http-401-authentication-error-.md are identical
mv: /Users/zhaozhiguo/.openclaw/workspace/memory/archive/2026-03-16-russian-language.md and /Users/zhaozhiguo/.openclaw/workspace/memory/archive/2026-03-16-russian-language.md are identical
mv: /Users/zhaozhiguo/.openclaw/workspace/memory/archive/2026-03-28.md and /Users/zhaozhiguo/.openclaw/workspace/memory/archive/2026-03-28.md are identical
mv: /Users/zhaozhiguo/.openclaw/workspace/memory/archive/2026-03-17-russia-child-travel.md and /Users/zhaozhiguo/.openclaw/workspace/memory/archive/2026-03-17-russia-child-travel.md are identical
mv: /Users/zhaozhiguo/.openclaw/workspace/memory/archive/2026-03-29.md and /Users/zhaozhiguo/.openclaw/workspace/memory/archive/2026-03-29.md are identical
mv: /Users/zhaozhiguo/.openclaw/workspace/memory/archive/2026-03-17-russian-version.md and /Users/zhaozhiguo/.openclaw/workspace/memory/archive/2026-03-17-russian-version.md are identical
mv: /Users/zhaozhiguo/.openclaw/workspace/memory/archive/2026-03-16-vendor-inquiry.md and /Users/zhaozhiguo/.openclaw/workspace/memory/archive/2026-03-16-vendor-inquiry.md are identical
mv: /Users/zhaozhiguo/.openclaw/workspace/memory/archive/2026-03-30.md and /Users/zhaozhiguo/.openclaw/workspace/memory/archive/2026-03-30.md are identical
mv: /Users/zhaozhiguo/.openclaw/workspace/memory/archive/2026-03-31-russian.md and /Users/zhaozhiguo/.openclaw/workspace/memory/archive/2026-03-31-russian.md are identical
mv: /Users/zhaozhiguo/.openclaw/workspace/memory/archive/2026-03-31.md and /Users/zhaozhiguo/.openclaw/workspace/memory/archive/2026-03-31.md are identical
mv: /Users/zhaozhiguo/.openclaw/workspace/memory/archive/2026-03-16-openclaw-control-ui.md and /Users/zhaozhiguo/.openclaw/workspace/memory/archive/2026-03-16-openclaw-control-ui.md are identical
mv: /Users/zhaozhiguo/.openclaw/workspace/memory/archive/2026-03-26.md and /Users/zhaozhiguo/.openclaw/workspace/memory/archive/2026-03-26.md are identical
mv: /Users/zhaozhiguo/.openclaw/workspace/memory/archive/2026-03-16-http-401-authentication-error-.md and /Users/zhaozhiguo/.openclaw/workspace/memory/archive/2026-03-16-http-401-authentication-error-.md are identical
mv: /Users/zhaozhiguo/.openclaw/workspace/memory/archive/2026-03-16-russian-language.md and /Users/zhaozhiguo/.openclaw/workspace/memory/archive/2026-03-16-russian-language.md are identical
mv: /Users/zhaozhiguo/.openclaw/workspace/memory/archive/2026-03-28.md and /Users/zhaozhiguo/.openclaw/workspace/memory/archive/2026-03-28.md are identical
mv: /Users/zhaozhiguo/.openclaw/workspace/memory/archive/2026-03-17-russia-child-travel.md and /Users/zhaozhiguo/.openclaw/workspace/memory/archive/2026-03-17-russia-child-travel.md are identical
mv: /Users/zhaozhiguo/.openclaw/workspace/memory/archive/2026-03-29.md and /Users/zhaozhiguo/.openclaw/workspace/memory/archive/2026-03-29.md are identical
mv: /Users/zhaozhiguo/.openclaw/workspace/memory/archive/2026-03-17-russian-version.md and /Users/zhaozhiguo/.openclaw/workspace/memory/archive/2026-03-17-russian-version.md are identical
mv: /Users/zhaozhiguo/.openclaw/workspace/memory/archive/2026-03-16-vendor-inquiry.md and /Users/zhaozhiguo/.openclaw/workspace/memory/archive/2026-03-16-vendor-inquiry.md are identical
mv: /Users/zhaozhiguo/.openclaw/workspace/memory/archive/2026-03-30.md and /Users/zhaozhiguo/.openclaw/workspace/memory/archive/2026-03-30.md are identical
mv: /Users/zhaozhiguo/.openclaw/workspace/memory/archive/2026-03-31-russian.md and /Users/zhaozhiguo/.openclaw/workspace/memory/archive/2026-03-31-russian.md are identical
mv: /Users/zhaozhiguo/.openclaw/workspace/memory/archive/2026-03-31.md and /Users/zhaozhiguo/.openclaw/workspace/memory/archive/2026-03-31.md are identical
mv: /Users/zhaozhiguo/.openclaw/workspace/memory/archive/2026-03-16-openclaw-control-ui.md and /Users/zhaozhiguo/.openclaw/workspace/memory/archive/2026-03-16-openclaw-control-ui.md are identical
mv: /Users/zhaozhiguo/.openclaw/workspace/memory/archive/2026-03-26.md and /Users/zhaozhiguo/.openclaw/workspace/memory/archive/2026-03-26.md are identical
mv: /Users/zhaozhiguo/.openclaw/workspace/memory/archive/2026-03-16-http-401-authentication-error-.md and /Users/zhaozhiguo/.openclaw/workspace/memory/archive/2026-03-16-http-401-authentication-error-.md are identical
mv: /Users/zhaozhiguo/.openclaw/workspace/memory/archive/2026-03-16-russian-language.md and /Users/zhaozhiguo/.openclaw/workspace/memory/archive/2026-03-16-russian-language.md are identical
mv: /Users/zhaozhiguo/.openclaw/workspace/memory/archive/2026-03-28.md and /Users/zhaozhiguo/.openclaw/workspace/memory/archive/2026-03-28.md are identical
mv: /Users/zhaozhiguo/.openclaw/workspace/memory/archive/2026-03-17-russia-child-travel.md and /Users/zhaozhiguo/.openclaw/workspace/memory/archive/2026-03-17-russia-child-travel.md are identical
mv: /Users/zhaozhiguo/.openclaw/workspace/memory/archive/2026-03-29.md and /Users/zhaozhiguo/.openclaw/workspace/memory/archive/2026-03-29.md are identical
mv: /Users/zhaozhiguo/.openclaw/workspace/memory/archive/2026-03-17-russian-version.md and /Users/zhaozhiguo/.openclaw/workspace/memory/archive/2026-03-17-russian-version.md are identical
mv: /Users/zhaozhiguo/.openclaw/workspace/memory/archive/2026-03-16-vendor-inquiry.md and /Users/zhaozhiguo/.openclaw/workspace/memory/archive/2026-03-16-vendor-inquiry.md are identical
mv: /Users/zhaozhiguo/.openclaw/workspace/memory/archive/2026-03-30.md and /Users/zhaozhiguo/.openclaw/workspace/memory/archive/2026-03-30.md are identical
mv: /Users/zhaozhiguo/.openclaw/workspace/memory/archive/2026-03-31-russian.md and /Users/zhaozhiguo/.openclaw/workspace/memory/archive/2026-03-31-russian.md are identical
mv: /Users/zhaozhiguo/.openclaw/workspace/memory/archive/2026-03-31.md and /Users/zhaozhiguo/.openclaw/workspace/memory/archive/2026-03-31.md are identical
mv: /Users/zhaozhiguo/.openclaw/workspace/memory/archive/2026-03-16-openclaw-control-ui.md and /Users/zhaozhiguo/.openclaw/workspace/memory/archive/2026-03-16-openclaw-control-ui.md are identical
mv: /Users/zhaozhiguo/.openclaw/workspace/memory/archive/2026-03-26.md and /Users/zhaozhiguo/.openclaw/workspace/memory/archive/2026-03-26.md are identical
mv: /Users/zhaozhiguo/.openclaw/workspace/memory/archive/2026-03-16-http-401-authentication-error-.md and /Users/zhaozhiguo/.openclaw/workspace/memory/archive/2026-03-16-http-401-authentication-error-.md are identical
mv: /Users/zhaozhiguo/.openclaw/workspace/memory/archive/2026-03-16-russian-language.md and /Users/zhaozhiguo/.openclaw/workspace/memory/archive/2026-03-16-russian-language.md are identical
mv: /Users/zhaozhiguo/.openclaw/workspace/memory/archive/2026-03-28.md and /Users/zhaozhiguo/.openclaw/workspace/memory/archive/2026-03-28.md are identical
mv: /Users/zhaozhiguo/.openclaw/workspace/memory/archive/2026-03-17-russia-child-travel.md and /Users/zhaozhiguo/.openclaw/workspace/memory/archive/2026-03-17-russia-child-travel.md are identical
mv: /Users/zhaozhiguo/.openclaw/workspace/memory/archive/2026-03-29.md and /Users/zhaozhiguo/.openclaw/workspace/memory/archive/2026-03-29.md are identical
mv: /Users/zhaozhiguo/.openclaw/workspace/memory/archive/2026-03-17-russian-version.md and /Users/zhaozhiguo/.openclaw/workspace/memory/archive/2026-03-17-russian-version.md are identical
mv: /Users/zhaozhiguo/.openclaw/workspace/memory/archive/2026-03-16-vendor-inquiry.md and /Users/zhaozhiguo/.openclaw/workspace/memory/archive/2026-03-16-vendor-inquiry.md are identical
mv: /Users/zhaozhiguo/.openclaw/workspace/memory/archive/2026-03-30.md and /Users/zhaozhiguo/.openclaw/workspace/memory/archive/2026-03-30.md are identical
mv: /Users/zhaozhiguo/.openclaw/workspace/memory/archive/2026-03-31-russian.md and /Users/zhaozhiguo/.openclaw/workspace/memory/archive/2026-03-31-russian.md are identical
mv: /Users/zhaozhiguo/.openclaw/workspace/memory/archive/2026-03-31.md and /Users/zhaozhiguo/.openclaw/workspace/memory/archive/2026-03-31.md are identical
mv: /Users/zhaozhiguo/.openclaw/workspace/memory/archive/2026-03-16-openclaw-control-ui.md and /Users/zhaozhiguo/.openclaw/workspace/memory/archive/2026-03-16-openclaw-control-ui.md are identical
mv: /Users/zhaozhiguo/.openclaw/workspace/memory/archive/2026-03-26.md and /Users/zhaozhiguo/.openclaw/workspace/memory/archive/2026-03-26.md are identical
mv: /Users/zhaozhiguo/.openclaw/workspace/memory/archive/2026-03-16-http-401-authentication-error-.md and /Users/zhaozhiguo/.openclaw/workspace/memory/archive/2026-03-16-http-401-authentication-error-.md are identical
mv: /Users/zhaozhiguo/.openclaw/workspace/memory/archive/2026-03-16-russian-language.md and /Users/zhaozhiguo/.openclaw/workspace/memory/archive/2026-03-16-russian-language.md are identical
mv: /Users/zhaozhiguo/.openclaw/workspace/memory/archive/2026-03-28.md and /Users/zhaozhiguo/.openclaw/workspace/memory/archive/2026-03-28.md are identical
mv: /Users/zhaozhiguo/.openclaw/workspace/memory/archive/2026-03-17-russia-child-travel.md and /Users/zhaozhiguo/.openclaw/workspace/memory/archive/2026-03-17-russia-child-travel.md are identical
mv: /Users/zhaozhiguo/.openclaw/workspace/memory/archive/2026-03-29.md and /Users/zhaozhiguo/.openclaw/workspace/memory/archive/2026-03-29.md are identical
mv: /Users/zhaozhiguo/.openclaw/workspace/memory/archive/2026-03-17-russian-version.md and /Users/zhaozhiguo/.openclaw/workspace/memory/archive/2026-03-17-russian-version.md are identical
mv: /Users/zhaozhiguo/.openclaw/workspace/memory/archive/2026-03-16-vendor-inquiry.md and /Users/zhaozhiguo/.openclaw/workspace/memory/archive/2026-03-16-vendor-inquiry.md are identical
mv: /Users/zhaozhiguo/.openclaw/workspace/memory/archive/2026-03-30.md and /Users/zhaozhiguo/.openclaw/workspace/memory/archive/2026-03-30.md are identical
mv: /Users/zhaozhiguo/.openclaw/workspace/memory/archive/2026-03-31-russian.md and /Users/zhaozhiguo/.openclaw/workspace/memory/archive/2026-03-31-russian.md are identical
mv: /Users/zhaozhiguo/.openclaw/workspace/memory/archive/2026-03-31.md and /Users/zhaozhiguo/.openclaw/workspace/memory/archive/2026-03-31.md are identical
mv: /Users/zhaozhiguo/.openclaw/workspace/memory/archive/2026-03-16-openclaw-control-ui.md and /Users/zhaozhiguo/.openclaw/workspace/memory/archive/2026-03-16-openclaw-control-ui.md are identical
mv: /Users/zhaozhiguo/.openclaw/workspace/memory/archive/2026-03-26.md and /Users/zhaozhiguo/.openclaw/workspace/memory/archive/2026-03-26.md are identical
mv: /Users/zhaozhiguo/.openclaw/workspace/memory/archive/2026-03-16-http-401-authentication-error-.md and /Users/zhaozhiguo/.openclaw/workspace/memory/archive/2026-03-16-http-401-authentication-error-.md are identical
mv: /Users/zhaozhiguo/.openclaw/workspace/memory/archive/2026-03-16-russian-language.md and /Users/zhaozhiguo/.openclaw/workspace/memory/archive/2026-03-16-russian-language.md are identical
mv: /Users/zhaozhiguo/.openclaw/workspace/memory/archive/2026-03-28.md and /Users/zhaozhiguo/.openclaw/workspace/memory/archive/2026-03-28.md are identical
mv: /Users/zhaozhiguo/.openclaw/workspace/memory/archive/2026-03-17-russia-child-travel.md and /Users/zhaozhiguo/.openclaw/workspace/memory/archive/2026-03-17-russia-child-travel.md are identical
mv: /Users/zhaozhiguo/.openclaw/workspace/memory/archive/2026-03-29.md and /Users/zhaozhiguo/.openclaw/workspace/memory/archive/2026-03-29.md are identical
mv: /Users/zhaozhiguo/.openclaw/workspace/memory/archive/2026-03-17-russian-version.md and /Users/zhaozhiguo/.openclaw/workspace/memory/archive/2026-03-17-russian-version.md are identical
mv: /Users/zhaozhiguo/.openclaw/workspace/memory/archive/2026-03-16-vendor-inquiry.md and /Users/zhaozhiguo/.openclaw/workspace/memory/archive/2026-03-16-vendor-inquiry.md are identical
mv: /Users/zhaozhiguo/.openclaw/workspace/memory/archive/2026-03-30.md and /Users/zhaozhiguo/.openclaw/workspace/memory/archive/2026-03-30.md are identical
mv: /Users/zhaozhiguo/.openclaw/workspace/memory/archive/2026-03-31-russian.md and /Users/zhaozhiguo/.openclaw/workspace/memory/archive/2026-03-31-russian.md are identical
mv: /Users/zhaozhiguo/.openclaw/workspace/memory/archive/2026-03-31.md and /Users/zhaozhiguo/.openclaw/workspace/memory/archive/2026-03-31.md are identical
mv: /Users/zhaozhiguo/.openclaw/workspace/memory/archive/2026-04-09.md and /Users/zhaozhiguo/.openclaw/workspace/memory/archive/2026-04-09.md are identical
mv: /Users/zhaozhiguo/.openclaw/workspace/memory/archive/2026-03-16-openclaw-control-ui.md and /Users/zhaozhiguo/.openclaw/workspace/memory/archive/2026-03-16-openclaw-control-ui.md are identical
mv: /Users/zhaozhiguo/.openclaw/workspace/memory/archive/2026-04-19.md and /Users/zhaozhiguo/.openclaw/workspace/memory/archive/2026-04-19.md are identical
mv: /Users/zhaozhiguo/.openclaw/workspace/memory/archive/2026-03-26.md and /Users/zhaozhiguo/.openclaw/workspace/memory/archive/2026-03-26.md are identical
mv: /Users/zhaozhiguo/.openclaw/workspace/memory/archive/2026-04-20-russian-culture.md and /Users/zhaozhiguo/.openclaw/workspace/memory/archive/2026-04-20-russian-culture.md are identical
mv: /Users/zhaozhiguo/.openclaw/workspace/memory/archive/2026-04-26-0117.md and /Users/zhaozhiguo/.openclaw/workspace/memory/archive/2026-04-26-0117.md are identical
mv: /Users/zhaozhiguo/.openclaw/workspace/memory/archive/2026-04-29.md and /Users/zhaozhiguo/.openclaw/workspace/memory/archive/2026-04-29.md are identical
mv: /Users/zhaozhiguo/.openclaw/workspace/memory/archive/2026-04-28.md and /Users/zhaozhiguo/.openclaw/workspace/memory/archive/2026-04-28.md are identical
mv: /Users/zhaozhiguo/.openclaw/workspace/memory/archive/2026-04-08.md and /Users/zhaozhiguo/.openclaw/workspace/memory/archive/2026-04-08.md are identical
mv: /Users/zhaozhiguo/.openclaw/workspace/memory/archive/2026-04-18.md and /Users/zhaozhiguo/.openclaw/workspace/memory/archive/2026-04-18.md are identical
mv: /Users/zhaozhiguo/.openclaw/workspace/memory/archive/2026-04-03.md and /Users/zhaozhiguo/.openclaw/workspace/memory/archive/2026-04-03.md are identical
mv: /Users/zhaozhiguo/.openclaw/workspace/memory/archive/2026-03-16-http-401-authentication-error-.md and /Users/zhaozhiguo/.openclaw/workspace/memory/archive/2026-03-16-http-401-authentication-error-.md are identical
mv: /Users/zhaozhiguo/.openclaw/workspace/memory/archive/2026-04-27.md and /Users/zhaozhiguo/.openclaw/workspace/memory/archive/2026-04-27.md are identical
mv: /Users/zhaozhiguo/.openclaw/workspace/memory/archive/2026-03-16-russian-language.md and /Users/zhaozhiguo/.openclaw/workspace/memory/archive/2026-03-16-russian-language.md are identical
mv: /Users/zhaozhiguo/.openclaw/workspace/memory/archive/2026-04-13.md and /Users/zhaozhiguo/.openclaw/workspace/memory/archive/2026-04-13.md are identical
mv: /Users/zhaozhiguo/.openclaw/workspace/memory/archive/2026-04-07.md and /Users/zhaozhiguo/.openclaw/workspace/memory/archive/2026-04-07.md are identical
mv: /Users/zhaozhiguo/.openclaw/workspace/memory/archive/2026-03-28.md and /Users/zhaozhiguo/.openclaw/workspace/memory/archive/2026-03-28.md are identical
mv: /Users/zhaozhiguo/.openclaw/workspace/memory/archive/2026-03-17-russia-child-travel.md and /Users/zhaozhiguo/.openclaw/workspace/memory/archive/2026-03-17-russia-child-travel.md are identical
mv: /Users/zhaozhiguo/.openclaw/workspace/memory/archive/2026-04-17.md and /Users/zhaozhiguo/.openclaw/workspace/memory/archive/2026-04-17.md are identical
mv: /Users/zhaozhiguo/.openclaw/workspace/memory/archive/2026-04-23.md and /Users/zhaozhiguo/.openclaw/workspace/memory/archive/2026-04-23.md are identical
mv: /Users/zhaozhiguo/.openclaw/workspace/memory/archive/2026-04-06.md and /Users/zhaozhiguo/.openclaw/workspace/memory/archive/2026-04-06.md are identical
mv: /Users/zhaozhiguo/.openclaw/workspace/memory/archive/2026-04-13-russian.md and /Users/zhaozhiguo/.openclaw/workspace/memory/archive/2026-04-13-russian.md are identical
mv: /Users/zhaozhiguo/.openclaw/workspace/memory/archive/2026-03-29.md and /Users/zhaozhiguo/.openclaw/workspace/memory/archive/2026-03-29.md are identical
mv: /Users/zhaozhiguo/.openclaw/workspace/memory/archive/2026-04-16.md and /Users/zhaozhiguo/.openclaw/workspace/memory/archive/2026-04-16.md are identical
mv: /Users/zhaozhiguo/.openclaw/workspace/memory/archive/2026-04-22.md and /Users/zhaozhiguo/.openclaw/workspace/memory/archive/2026-04-22.md are identical
mv: /Users/zhaozhiguo/.openclaw/workspace/memory/archive/2026-04-02.md and /Users/zhaozhiguo/.openclaw/workspace/memory/archive/2026-04-02.md are identical
mv: /Users/zhaozhiguo/.openclaw/workspace/memory/archive/2026-04-20-nightly.md and /Users/zhaozhiguo/.openclaw/workspace/memory/archive/2026-04-20-nightly.md are identical
mv: /Users/zhaozhiguo/.openclaw/workspace/memory/archive/2026-04-16-russian-study.md and /Users/zhaozhiguo/.openclaw/workspace/memory/archive/2026-04-16-russian-study.md are identical
mv: /Users/zhaozhiguo/.openclaw/workspace/memory/archive/2026-04-26.md and /Users/zhaozhiguo/.openclaw/workspace/memory/archive/2026-04-26.md are identical
mv: /Users/zhaozhiguo/.openclaw/workspace/memory/archive/2026-04-12.md and /Users/zhaozhiguo/.openclaw/workspace/memory/archive/2026-04-12.md are identical
mv: /Users/zhaozhiguo/.openclaw/workspace/memory/archive/2026-04-05.md and /Users/zhaozhiguo/.openclaw/workspace/memory/archive/2026-04-05.md are identical
mv: /Users/zhaozhiguo/.openclaw/workspace/memory/archive/2026-04-14-1137.md and /Users/zhaozhiguo/.openclaw/workspace/memory/archive/2026-04-14-1137.md are identical
mv: /Users/zhaozhiguo/.openclaw/workspace/memory/archive/2026-03-17-russian-version.md and /Users/zhaozhiguo/.openclaw/workspace/memory/archive/2026-03-17-russian-version.md are identical
mv: /Users/zhaozhiguo/.openclaw/workspace/memory/archive/2026-04-15.md and /Users/zhaozhiguo/.openclaw/workspace/memory/archive/2026-04-15.md are identical
mv: /Users/zhaozhiguo/.openclaw/workspace/memory/archive/2026-04-21.md and /Users/zhaozhiguo/.openclaw/workspace/memory/archive/2026-04-21.md are identical
mv: /Users/zhaozhiguo/.openclaw/workspace/memory/archive/2026-03-16-vendor-inquiry.md and /Users/zhaozhiguo/.openclaw/workspace/memory/archive/2026-03-16-vendor-inquiry.md are identical
mv: /Users/zhaozhiguo/.openclaw/workspace/memory/archive/2026-04-01.md and /Users/zhaozhiguo/.openclaw/workspace/memory/archive/2026-04-01.md are identical
mv: /Users/zhaozhiguo/.openclaw/workspace/memory/archive/2026-04-11.md and /Users/zhaozhiguo/.openclaw/workspace/memory/archive/2026-04-11.md are identical
mv: /Users/zhaozhiguo/.openclaw/workspace/memory/archive/2026-04-24.md and /Users/zhaozhiguo/.openclaw/workspace/memory/archive/2026-04-24.md are identical
mv: /Users/zhaozhiguo/.openclaw/workspace/memory/archive/2026-04-10.md and /Users/zhaozhiguo/.openclaw/workspace/memory/archive/2026-04-10.md are identical
mv: /Users/zhaozhiguo/.openclaw/workspace/memory/archive/2026-04-04.md and /Users/zhaozhiguo/.openclaw/workspace/memory/archive/2026-04-04.md are identical
mv: /Users/zhaozhiguo/.openclaw/workspace/memory/archive/2026-04-16-china-russia-exchange.md and /Users/zhaozhiguo/.openclaw/workspace/memory/archive/2026-04-16-china-russia-exchange.md are identical
mv: /Users/zhaozhiguo/.openclaw/workspace/memory/archive/2026-04-14.md and /Users/zhaozhiguo/.openclaw/workspace/memory/archive/2026-04-14.md are identical
mv: /Users/zhaozhiguo/.openclaw/workspace/memory/archive/2026-04-15-russian.md and /Users/zhaozhiguo/.openclaw/workspace/memory/archive/2026-04-15-russian.md are identical
mv: /Users/zhaozhiguo/.openclaw/workspace/memory/archive/2026-04-20.md and /Users/zhaozhiguo/.openclaw/workspace/memory/archive/2026-04-20.md are identical
mv: /Users/zhaozhiguo/.openclaw/workspace/memory/archive/2026-03-30.md and /Users/zhaozhiguo/.openclaw/workspace/memory/archive/2026-03-30.md are identical
mv: /Users/zhaozhiguo/.openclaw/workspace/memory/archive/2026-05-01.md and /Users/zhaozhiguo/.openclaw/workspace/memory/archive/2026-05-01.md are identical
mv: /Users/zhaozhiguo/.openclaw/workspace/memory/archive/2026-04-15-0215.md and /Users/zhaozhiguo/.openclaw/workspace/memory/archive/2026-04-15-0215.md are identical
mv: /Users/zhaozhiguo/.openclaw/workspace/memory/archive/2026-03-31-russian.md and /Users/zhaozhiguo/.openclaw/workspace/memory/archive/2026-03-31-russian.md are identical
mv: /Users/zhaozhiguo/.openclaw/workspace/memory/archive/2026-04-16-nightly.md and /Users/zhaozhiguo/.openclaw/workspace/memory/archive/2026-04-16-nightly.md are identical
mv: /Users/zhaozhiguo/.openclaw/workspace/memory/archive/2026-04-21-nightly.md and /Users/zhaozhiguo/.openclaw/workspace/memory/archive/2026-04-21-nightly.md are identical
mv: /Users/zhaozhiguo/.openclaw/workspace/memory/archive/2025-04-17-learning.md and /Users/zhaozhiguo/.openclaw/workspace/memory/archive/2025-04-17-learning.md are identical
mv: /Users/zhaozhiguo/.openclaw/workspace/memory/archive/2026-03-31.md and /Users/zhaozhiguo/.openclaw/workspace/memory/archive/2026-03-31.md are identical
mv: /Users/zhaozhiguo/.openclaw/workspace/memory/archive/2026-04-09.md and /Users/zhaozhiguo/.openclaw/workspace/memory/archive/2026-04-09.md are identical
mv: /Users/zhaozhiguo/.openclaw/workspace/memory/archive/2026-03-16-openclaw-control-ui.md and /Users/zhaozhiguo/.openclaw/workspace/memory/archive/2026-03-16-openclaw-control-ui.md are identical
mv: /Users/zhaozhiguo/.openclaw/workspace/memory/archive/2026-04-19.md and /Users/zhaozhiguo/.openclaw/workspace/memory/archive/2026-04-19.md are identical
mv: /Users/zhaozhiguo/.openclaw/workspace/memory/archive/2026-03-26.md and /Users/zhaozhiguo/.openclaw/workspace/memory/archive/2026-03-26.md are identical
mv: /Users/zhaozhiguo/.openclaw/workspace/memory/archive/2026-04-20-russian-culture.md and /Users/zhaozhiguo/.openclaw/workspace/memory/archive/2026-04-20-russian-culture.md are identical
mv: /Users/zhaozhiguo/.openclaw/workspace/memory/archive/2026-04-26-0117.md and /Users/zhaozhiguo/.openclaw/workspace/memory/archive/2026-04-26-0117.md are identical
mv: /Users/zhaozhiguo/.openclaw/workspace/memory/archive/2026-04-29.md and /Users/zhaozhiguo/.openclaw/workspace/memory/archive/2026-04-29.md are identical
mv: /Users/zhaozhiguo/.openclaw/workspace/memory/archive/2026-04-28.md and /Users/zhaozhiguo/.openclaw/workspace/memory/archive/2026-04-28.md are identical
mv: /Users/zhaozhiguo/.openclaw/workspace/memory/archive/2026-04-08.md and /Users/zhaozhiguo/.openclaw/workspace/memory/archive/2026-04-08.md are identical
mv: /Users/zhaozhiguo/.openclaw/workspace/memory/archive/2026-04-18.md and /Users/zhaozhiguo/.openclaw/workspace/memory/archive/2026-04-18.md are identical
mv: /Users/zhaozhiguo/.openclaw/workspace/memory/archive/2026-04-03.md and /Users/zhaozhiguo/.openclaw/workspace/memory/archive/2026-04-03.md are identical
mv: /Users/zhaozhiguo/.openclaw/workspace/memory/archive/2026-03-16-http-401-authentication-error-.md and /Users/zhaozhiguo/.openclaw/workspace/memory/archive/2026-03-16-http-401-authentication-error-.md are identical
mv: /Users/zhaozhiguo/.openclaw/workspace/memory/archive/2026-04-27.md and /Users/zhaozhiguo/.openclaw/workspace/memory/archive/2026-04-27.md are identical
mv: /Users/zhaozhiguo/.openclaw/workspace/memory/archive/2026-03-16-russian-language.md and /Users/zhaozhiguo/.openclaw/workspace/memory/archive/2026-03-16-russian-language.md are identical
mv: /Users/zhaozhiguo/.openclaw/workspace/memory/archive/2026-04-13.md and /Users/zhaozhiguo/.openclaw/workspace/memory/archive/2026-04-13.md are identical
mv: /Users/zhaozhiguo/.openclaw/workspace/memory/archive/2026-04-07.md and /Users/zhaozhiguo/.openclaw/workspace/memory/archive/2026-04-07.md are identical
mv: /Users/zhaozhiguo/.openclaw/workspace/memory/archive/2026-03-28.md and /Users/zhaozhiguo/.openclaw/workspace/memory/archive/2026-03-28.md are identical
mv: /Users/zhaozhiguo/.openclaw/workspace/memory/archive/2026-03-17-russia-child-travel.md and /Users/zhaozhiguo/.openclaw/workspace/memory/archive/2026-03-17-russia-child-travel.md are identical
mv: /Users/zhaozhiguo/.openclaw/workspace/memory/archive/2026-04-17.md and /Users/zhaozhiguo/.openclaw/workspace/memory/archive/2026-04-17.md are identical
mv: /Users/zhaozhiguo/.openclaw/workspace/memory/archive/2026-04-23.md and /Users/zhaozhiguo/.openclaw/workspace/memory/archive/2026-04-23.md are identical
mv: /Users/zhaozhiguo/.openclaw/workspace/memory/archive/2026-04-06.md and /Users/zhaozhiguo/.openclaw/workspace/memory/archive/2026-04-06.md are identical
mv: /Users/zhaozhiguo/.openclaw/workspace/memory/archive/2026-04-13-russian.md and /Users/zhaozhiguo/.openclaw/workspace/memory/archive/2026-04-13-russian.md are identical
mv: /Users/zhaozhiguo/.openclaw/workspace/memory/archive/2026-03-29.md and /Users/zhaozhiguo/.openclaw/workspace/memory/archive/2026-03-29.md are identical
mv: /Users/zhaozhiguo/.openclaw/workspace/memory/archive/2026-04-16.md and /Users/zhaozhiguo/.openclaw/workspace/memory/archive/2026-04-16.md are identical
mv: /Users/zhaozhiguo/.openclaw/workspace/memory/archive/2026-04-22.md and /Users/zhaozhiguo/.openclaw/workspace/memory/archive/2026-04-22.md are identical
mv: /Users/zhaozhiguo/.openclaw/workspace/memory/archive/2026-04-02.md and /Users/zhaozhiguo/.openclaw/workspace/memory/archive/2026-04-02.md are identical
mv: /Users/zhaozhiguo/.openclaw/workspace/memory/archive/2026-04-20-nightly.md and /Users/zhaozhiguo/.openclaw/workspace/memory/archive/2026-04-20-nightly.md are identical
mv: /Users/zhaozhiguo/.openclaw/workspace/memory/archive/2026-04-16-russian-study.md and /Users/zhaozhiguo/.openclaw/workspace/memory/archive/2026-04-16-russian-study.md are identical
mv: /Users/zhaozhiguo/.openclaw/workspace/memory/archive/2026-04-26.md and /Users/zhaozhiguo/.openclaw/workspace/memory/archive/2026-04-26.md are identical
mv: /Users/zhaozhiguo/.openclaw/workspace/memory/archive/2026-04-12.md and /Users/zhaozhiguo/.openclaw/workspace/memory/archive/2026-04-12.md are identical
mv: /Users/zhaozhiguo/.openclaw/workspace/memory/archive/2026-04-05.md and /Users/zhaozhiguo/.openclaw/workspace/memory/archive/2026-04-05.md are identical
mv: /Users/zhaozhiguo/.openclaw/workspace/memory/archive/2026-04-14-1137.md and /Users/zhaozhiguo/.openclaw/workspace/memory/archive/2026-04-14-1137.md are identical
mv: /Users/zhaozhiguo/.openclaw/workspace/memory/archive/2026-03-17-russian-version.md and /Users/zhaozhiguo/.openclaw/workspace/memory/archive/2026-03-17-russian-version.md are identical
mv: /Users/zhaozhiguo/.openclaw/workspace/memory/archive/2026-04-15.md and /Users/zhaozhiguo/.openclaw/workspace/memory/archive/2026-04-15.md are identical
mv: /Users/zhaozhiguo/.openclaw/workspace/memory/archive/2026-04-21.md and /Users/zhaozhiguo/.openclaw/workspace/memory/archive/2026-04-21.md are identical
mv: /Users/zhaozhiguo/.openclaw/workspace/memory/archive/2026-03-16-vendor-inquiry.md and /Users/zhaozhiguo/.openclaw/workspace/memory/archive/2026-03-16-vendor-inquiry.md are identical
mv: /Users/zhaozhiguo/.openclaw/workspace/memory/archive/2026-04-01.md and /Users/zhaozhiguo/.openclaw/workspace/memory/archive/2026-04-01.md are identical
mv: /Users/zhaozhiguo/.openclaw/workspace/memory/archive/2026-04-11.md and /Users/zhaozhiguo/.openclaw/workspace/memory/archive/2026-04-11.md are identical
mv: /Users/zhaozhiguo/.openclaw/workspace/memory/archive/2026-04-24.md and /Users/zhaozhiguo/.openclaw/workspace/memory/archive/2026-04-24.md are identical
mv: /Users/zhaozhiguo/.openclaw/workspace/memory/archive/2026-04-10.md and /Users/zhaozhiguo/.openclaw/workspace/memory/archive/2026-04-10.md are identical
mv: /Users/zhaozhiguo/.openclaw/workspace/memory/archive/2026-04-30.md and /Users/zhaozhiguo/.openclaw/workspace/memory/archive/2026-04-30.md are identical
mv: /Users/zhaozhiguo/.openclaw/workspace/memory/archive/2026-04-04.md and /Users/zhaozhiguo/.openclaw/workspace/memory/archive/2026-04-04.md are identical
mv: /Users/zhaozhiguo/.openclaw/workspace/memory/archive/2026-04-16-china-russia-exchange.md and /Users/zhaozhiguo/.openclaw/workspace/memory/archive/2026-04-16-china-russia-exchange.md are identical
mv: /Users/zhaozhiguo/.openclaw/workspace/memory/archive/2026-04-14.md and /Users/zhaozhiguo/.openclaw/workspace/memory/archive/2026-04-14.md are identical
mv: /Users/zhaozhiguo/.openclaw/workspace/memory/archive/2026-04-15-russian.md and /Users/zhaozhiguo/.openclaw/workspace/memory/archive/2026-04-15-russian.md are identical
mv: /Users/zhaozhiguo/.openclaw/workspace/memory/archive/2026-04-20.md and /Users/zhaozhiguo/.openclaw/workspace/memory/archive/2026-04-20.md are identical
mv: /Users/zhaozhiguo/.openclaw/workspace/memory/archive/2026-03-30.md and /Users/zhaozhiguo/.openclaw/workspace/memory/archive/2026-03-30.md are identical
mv: /Users/zhaozhiguo/.openclaw/workspace/memory/archive/2026-05-01.md and /Users/zhaozhiguo/.openclaw/workspace/memory/archive/2026-05-01.md are identical
mv: /Users/zhaozhiguo/.openclaw/workspace/memory/archive/2026-04-30-nightly.md and /Users/zhaozhiguo/.openclaw/workspace/memory/archive/2026-04-30-nightly.md are identical
mv: /Users/zhaozhiguo/.openclaw/workspace/memory/archive/2026-04-15-0215.md and /Users/zhaozhiguo/.openclaw/workspace/memory/archive/2026-04-15-0215.md are identical
mv: /Users/zhaozhiguo/.openclaw/workspace/memory/archive/2026-03-31-russian.md and /Users/zhaozhiguo/.openclaw/workspace/memory/archive/2026-03-31-russian.md are identical
mv: /Users/zhaozhiguo/.openclaw/workspace/memory/archive/2026-04-16-nightly.md and /Users/zhaozhiguo/.openclaw/workspace/memory/archive/2026-04-16-nightly.md are identical
mv: /Users/zhaozhiguo/.openclaw/workspace/memory/archive/2026-04-21-nightly.md and /Users/zhaozhiguo/.openclaw/workspace/memory/archive/2026-04-21-nightly.md are identical
mv: /Users/zhaozhiguo/.openclaw/workspace/memory/archive/2025-04-17-learning.md and /Users/zhaozhiguo/.openclaw/workspace/memory/archive/2025-04-17-learning.md are identical
mv: /Users/zhaozhiguo/.openclaw/workspace/memory/archive/2026-03-31.md and /Users/zhaozhiguo/.openclaw/workspace/memory/archive/2026-03-31.md are identical
mv: /Users/zhaozhiguo/.openclaw/workspace/memory/archive/2026-04-09.md and /Users/zhaozhiguo/.openclaw/workspace/memory/archive/2026-04-09.md are identical
mv: /Users/zhaozhiguo/.openclaw/workspace/memory/archive/2026-03-16-openclaw-control-ui.md and /Users/zhaozhiguo/.openclaw/workspace/memory/archive/2026-03-16-openclaw-control-ui.md are identical
mv: /Users/zhaozhiguo/.openclaw/workspace/memory/archive/2026-04-19.md and /Users/zhaozhiguo/.openclaw/workspace/memory/archive/2026-04-19.md are identical
mv: /Users/zhaozhiguo/.openclaw/workspace/memory/archive/2026-03-26.md and /Users/zhaozhiguo/.openclaw/workspace/memory/archive/2026-03-26.md are identical
mv: /Users/zhaozhiguo/.openclaw/workspace/memory/archive/2026-04-20-russian-culture.md and /Users/zhaozhiguo/.openclaw/workspace/memory/archive/2026-04-20-russian-culture.md are identical
mv: /Users/zhaozhiguo/.openclaw/workspace/memory/archive/2026-04-26-0117.md and /Users/zhaozhiguo/.openclaw/workspace/memory/archive/2026-04-26-0117.md are identical
mv: /Users/zhaozhiguo/.openclaw/workspace/memory/archive/2026-04-29.md and /Users/zhaozhiguo/.openclaw/workspace/memory/archive/2026-04-29.md are identical
mv: /Users/zhaozhiguo/.openclaw/workspace/memory/archive/2026-04-28.md and /Users/zhaozhiguo/.openclaw/workspace/memory/archive/2026-04-28.md are identical
mv: /Users/zhaozhiguo/.openclaw/workspace/memory/archive/2026-04-08.md and /Users/zhaozhiguo/.openclaw/workspace/memory/archive/2026-04-08.md are identical
mv: /Users/zhaozhiguo/.openclaw/workspace/memory/archive/2026-04-18.md and /Users/zhaozhiguo/.openclaw/workspace/memory/archive/2026-04-18.md are identical
mv: /Users/zhaozhiguo/.openclaw/workspace/memory/archive/2026-04-03.md and /Users/zhaozhiguo/.openclaw/workspace/memory/archive/2026-04-03.md are identical
mv: /Users/zhaozhiguo/.openclaw/workspace/memory/archive/2026-03-16-http-401-authentication-error-.md and /Users/zhaozhiguo/.openclaw/workspace/memory/archive/2026-03-16-http-401-authentication-error-.md are identical
mv: /Users/zhaozhiguo/.openclaw/workspace/memory/archive/2026-04-27.md and /Users/zhaozhiguo/.openclaw/workspace/memory/archive/2026-04-27.md are identical
mv: /Users/zhaozhiguo/.openclaw/workspace/memory/archive/2026-03-16-russian-language.md and /Users/zhaozhiguo/.openclaw/workspace/memory/archive/2026-03-16-russian-language.md are identical
mv: /Users/zhaozhiguo/.openclaw/workspace/memory/archive/2026-04-13.md and /Users/zhaozhiguo/.openclaw/workspace/memory/archive/2026-04-13.md are identical
mv: /Users/zhaozhiguo/.openclaw/workspace/memory/archive/2026-04-07.md and /Users/zhaozhiguo/.openclaw/workspace/memory/archive/2026-04-07.md are identical
mv: /Users/zhaozhiguo/.openclaw/workspace/memory/archive/2026-03-28.md and /Users/zhaozhiguo/.openclaw/workspace/memory/archive/2026-03-28.md are identical
mv: /Users/zhaozhiguo/.openclaw/workspace/memory/archive/2026-03-17-russia-child-travel.md and /Users/zhaozhiguo/.openclaw/workspace/memory/archive/2026-03-17-russia-child-travel.md are identical
mv: /Users/zhaozhiguo/.openclaw/workspace/memory/archive/2026-04-17.md and /Users/zhaozhiguo/.openclaw/workspace/memory/archive/2026-04-17.md are identical
mv: /Users/zhaozhiguo/.openclaw/workspace/memory/archive/2026-04-23.md and /Users/zhaozhiguo/.openclaw/workspace/memory/archive/2026-04-23.md are identical
mv: /Users/zhaozhiguo/.openclaw/workspace/memory/archive/2026-04-06.md and /Users/zhaozhiguo/.openclaw/workspace/memory/archive/2026-04-06.md are identical
mv: /Users/zhaozhiguo/.openclaw/workspace/memory/archive/2026-04-13-russian.md and /Users/zhaozhiguo/.openclaw/workspace/memory/archive/2026-04-13-russian.md are identical
mv: /Users/zhaozhiguo/.openclaw/workspace/memory/archive/2026-03-29.md and /Users/zhaozhiguo/.openclaw/workspace/memory/archive/2026-03-29.md are identical
mv: /Users/zhaozhiguo/.openclaw/workspace/memory/archive/2026-04-16.md and /Users/zhaozhiguo/.openclaw/workspace/memory/archive/2026-04-16.md are identical
mv: /Users/zhaozhiguo/.openclaw/workspace/memory/archive/2026-04-22.md and /Users/zhaozhiguo/.openclaw/workspace/memory/archive/2026-04-22.md are identical
mv: /Users/zhaozhiguo/.openclaw/workspace/memory/archive/2026-04-02.md and /Users/zhaozhiguo/.openclaw/workspace/memory/archive/2026-04-02.md are identical
mv: /Users/zhaozhiguo/.openclaw/workspace/memory/archive/2026-04-20-nightly.md and /Users/zhaozhiguo/.openclaw/workspace/memory/archive/2026-04-20-nightly.md are identical
mv: /Users/zhaozhiguo/.openclaw/workspace/memory/archive/2026-04-16-russian-study.md and /Users/zhaozhiguo/.openclaw/workspace/memory/archive/2026-04-16-russian-study.md are identical
mv: /Users/zhaozhiguo/.openclaw/workspace/memory/archive/2026-04-26.md and /Users/zhaozhiguo/.openclaw/workspace/memory/archive/2026-04-26.md are identical
mv: /Users/zhaozhiguo/.openclaw/workspace/memory/archive/2026-04-12.md and /Users/zhaozhiguo/.openclaw/workspace/memory/archive/2026-04-12.md are identical
mv: /Users/zhaozhiguo/.openclaw/workspace/memory/archive/2026-04-05.md and /Users/zhaozhiguo/.openclaw/workspace/memory/archive/2026-04-05.md are identical
mv: /Users/zhaozhiguo/.openclaw/workspace/memory/archive/2026-04-14-1137.md and /Users/zhaozhiguo/.openclaw/workspace/memory/archive/2026-04-14-1137.md are identical
mv: /Users/zhaozhiguo/.openclaw/workspace/memory/archive/2026-03-17-russian-version.md and /Users/zhaozhiguo/.openclaw/workspace/memory/archive/2026-03-17-russian-version.md are identical
mv: /Users/zhaozhiguo/.openclaw/workspace/memory/archive/2026-04-15.md and /Users/zhaozhiguo/.openclaw/workspace/memory/archive/2026-04-15.md are identical
mv: /Users/zhaozhiguo/.openclaw/workspace/memory/archive/2026-04-21.md and /Users/zhaozhiguo/.openclaw/workspace/memory/archive/2026-04-21.md are identical
mv: /Users/zhaozhiguo/.openclaw/workspace/memory/archive/2026-03-16-vendor-inquiry.md and /Users/zhaozhiguo/.openclaw/workspace/memory/archive/2026-03-16-vendor-inquiry.md are identical
mv: /Users/zhaozhiguo/.openclaw/workspace/memory/archive/2026-04-01.md and /Users/zhaozhiguo/.openclaw/workspace/memory/archive/2026-04-01.md are identical
mv: /Users/zhaozhiguo/.openclaw/workspace/memory/archive/2026-04-11.md and /Users/zhaozhiguo/.openclaw/workspace/memory/archive/2026-04-11.md are identical
mv: /Users/zhaozhiguo/.openclaw/workspace/memory/archive/2026-04-24.md and /Users/zhaozhiguo/.openclaw/workspace/memory/archive/2026-04-24.md are identical
mv: /Users/zhaozhiguo/.openclaw/workspace/memory/archive/2026-04-10.md and /Users/zhaozhiguo/.openclaw/workspace/memory/archive/2026-04-10.md are identical
mv: /Users/zhaozhiguo/.openclaw/workspace/memory/archive/2026-04-30.md and /Users/zhaozhiguo/.openclaw/workspace/memory/archive/2026-04-30.md are identical
mv: /Users/zhaozhiguo/.openclaw/workspace/memory/archive/2026-04-04.md and /Users/zhaozhiguo/.openclaw/workspace/memory/archive/2026-04-04.md are identical
mv: /Users/zhaozhiguo/.openclaw/workspace/memory/archive/2026-04-16-china-russia-exchange.md and /Users/zhaozhiguo/.openclaw/workspace/memory/archive/2026-04-16-china-russia-exchange.md are identical
mv: /Users/zhaozhiguo/.openclaw/workspace/memory/archive/2026-04-14.md and /Users/zhaozhiguo/.openclaw/workspace/memory/archive/2026-04-14.md are identical
mv: /Users/zhaozhiguo/.openclaw/workspace/memory/archive/2026-04-15-russian.md and /Users/zhaozhiguo/.openclaw/workspace/memory/archive/2026-04-15-russian.md are identical
mv: /Users/zhaozhiguo/.openclaw/workspace/memory/archive/2026-04-20.md and /Users/zhaozhiguo/.openclaw/workspace/memory/archive/2026-04-20.md are identical
mv: /Users/zhaozhiguo/.openclaw/workspace/memory/archive/2026-03-30.md and /Users/zhaozhiguo/.openclaw/workspace/memory/archive/2026-03-30.md are identical
mv: /Users/zhaozhiguo/.openclaw/workspace/memory/archive/2026-05-01.md and /Users/zhaozhiguo/.openclaw/workspace/memory/archive/2026-05-01.md are identical
mv: /Users/zhaozhiguo/.openclaw/workspace/memory/archive/2026-04-30-nightly.md and /Users/zhaozhiguo/.openclaw/workspace/memory/archive/2026-04-30-nightly.md are identical
mv: /Users/zhaozhiguo/.openclaw/workspace/memory/archive/2026-04-15-0215.md and /Users/zhaozhiguo/.openclaw/workspace/memory/archive/2026-04-15-0215.md are identical
mv: /Users/zhaozhiguo/.openclaw/workspace/memory/archive/2026-03-31-russian.md and /Users/zhaozhiguo/.openclaw/workspace/memory/archive/2026-03-31-russian.md are identical
mv: /Users/zhaozhiguo/.openclaw/workspace/memory/archive/2026-04-16-nightly.md and /Users/zhaozhiguo/.openclaw/workspace/memory/archive/2026-04-16-nightly.md are identical
mv: /Users/zhaozhiguo/.openclaw/workspace/memory/archive/2026-04-21-nightly.md and /Users/zhaozhiguo/.openclaw/workspace/memory/archive/2026-04-21-nightly.md are identical
mv: /Users/zhaozhiguo/.openclaw/workspace/memory/archive/2025-04-17-learning.md and /Users/zhaozhiguo/.openclaw/workspace/memory/archive/2025-04-17-learning.md are identical
mv: /Users/zhaozhiguo/.openclaw/workspace/memory/archive/2026-03-31.md and /Users/zhaozhiguo/.openclaw/workspace/memory/archive/2026-03-31.md are identical
mv: /Users/zhaozhiguo/.openclaw/workspace/memory/archive/2026-04-09.md and /Users/zhaozhiguo/.openclaw/workspace/memory/archive/2026-04-09.md are identical
mv: /Users/zhaozhiguo/.openclaw/workspace/memory/archive/2026-03-16-openclaw-control-ui.md and /Users/zhaozhiguo/.openclaw/workspace/memory/archive/2026-03-16-openclaw-control-ui.md are identical
mv: /Users/zhaozhiguo/.openclaw/workspace/memory/archive/2026-04-19.md and /Users/zhaozhiguo/.openclaw/workspace/memory/archive/2026-04-19.md are identical
mv: /Users/zhaozhiguo/.openclaw/workspace/memory/archive/2026-03-26.md and /Users/zhaozhiguo/.openclaw/workspace/memory/archive/2026-03-26.md are identical
mv: /Users/zhaozhiguo/.openclaw/workspace/memory/archive/2026-04-20-russian-culture.md and /Users/zhaozhiguo/.openclaw/workspace/memory/archive/2026-04-20-russian-culture.md are identical
mv: /Users/zhaozhiguo/.openclaw/workspace/memory/archive/2026-05-03.md and /Users/zhaozhiguo/.openclaw/workspace/memory/archive/2026-05-03.md are identical
mv: /Users/zhaozhiguo/.openclaw/workspace/memory/archive/2026-04-26-0117.md and /Users/zhaozhiguo/.openclaw/workspace/memory/archive/2026-04-26-0117.md are identical
mv: /Users/zhaozhiguo/.openclaw/workspace/memory/archive/2026-04-29.md and /Users/zhaozhiguo/.openclaw/workspace/memory/archive/2026-04-29.md are identical
mv: /Users/zhaozhiguo/.openclaw/workspace/memory/archive/2026-05-02.md and /Users/zhaozhiguo/.openclaw/workspace/memory/archive/2026-05-02.md are identical
mv: /Users/zhaozhiguo/.openclaw/workspace/memory/archive/2026-04-28.md and /Users/zhaozhiguo/.openclaw/workspace/memory/archive/2026-04-28.md are identical
mv: /Users/zhaozhiguo/.openclaw/workspace/memory/archive/2026-04-08.md and /Users/zhaozhiguo/.openclaw/workspace/memory/archive/2026-04-08.md are identical
mv: /Users/zhaozhiguo/.openclaw/workspace/memory/archive/2026-05-06.md and /Users/zhaozhiguo/.openclaw/workspace/memory/archive/2026-05-06.md are identical
mv: /Users/zhaozhiguo/.openclaw/workspace/memory/archive/2026-04-18.md and /Users/zhaozhiguo/.openclaw/workspace/memory/archive/2026-04-18.md are identical
mv: /Users/zhaozhiguo/.openclaw/workspace/memory/archive/2026-04-03.md and /Users/zhaozhiguo/.openclaw/workspace/memory/archive/2026-04-03.md are identical
mv: /Users/zhaozhiguo/.openclaw/workspace/memory/archive/2026-03-16-http-401-authentication-error-.md and /Users/zhaozhiguo/.openclaw/workspace/memory/archive/2026-03-16-http-401-authentication-error-.md are identical
mv: /Users/zhaozhiguo/.openclaw/workspace/memory/archive/2026-04-27.md and /Users/zhaozhiguo/.openclaw/workspace/memory/archive/2026-04-27.md are identical
mv: /Users/zhaozhiguo/.openclaw/workspace/memory/archive/2026-03-16-russian-language.md and /Users/zhaozhiguo/.openclaw/workspace/memory/archive/2026-03-16-russian-language.md are identical
mv: /Users/zhaozhiguo/.openclaw/workspace/memory/archive/2026-04-13.md and /Users/zhaozhiguo/.openclaw/workspace/memory/archive/2026-04-13.md are identical
mv: /Users/zhaozhiguo/.openclaw/workspace/memory/archive/2026-04-07.md and /Users/zhaozhiguo/.openclaw/workspace/memory/archive/2026-04-07.md are identical
mv: /Users/zhaozhiguo/.openclaw/workspace/memory/archive/2026-03-28.md and /Users/zhaozhiguo/.openclaw/workspace/memory/archive/2026-03-28.md are identical
mv: /Users/zhaozhiguo/.openclaw/workspace/memory/archive/2026-03-17-russia-child-travel.md and /Users/zhaozhiguo/.openclaw/workspace/memory/archive/2026-03-17-russia-child-travel.md are identical
mv: /Users/zhaozhiguo/.openclaw/workspace/memory/archive/2026-04-17.md and /Users/zhaozhiguo/.openclaw/workspace/memory/archive/2026-04-17.md are identical
mv: /Users/zhaozhiguo/.openclaw/workspace/memory/archive/2026-04-23.md and /Users/zhaozhiguo/.openclaw/workspace/memory/archive/2026-04-23.md are identical
mv: /Users/zhaozhiguo/.openclaw/workspace/memory/archive/2026-04-06.md and /Users/zhaozhiguo/.openclaw/workspace/memory/archive/2026-04-06.md are identical
mv: /Users/zhaozhiguo/.openclaw/workspace/memory/archive/2026-04-13-russian.md and /Users/zhaozhiguo/.openclaw/workspace/memory/archive/2026-04-13-russian.md are identical
mv: /Users/zhaozhiguo/.openclaw/workspace/memory/archive/2026-03-29.md and /Users/zhaozhiguo/.openclaw/workspace/memory/archive/2026-03-29.md are identical
mv: /Users/zhaozhiguo/.openclaw/workspace/memory/archive/2026-04-16.md and /Users/zhaozhiguo/.openclaw/workspace/memory/archive/2026-04-16.md are identical
mv: /Users/zhaozhiguo/.openclaw/workspace/memory/archive/2026-04-22.md and /Users/zhaozhiguo/.openclaw/workspace/memory/archive/2026-04-22.md are identical
mv: /Users/zhaozhiguo/.openclaw/workspace/memory/archive/2026-04-02.md and /Users/zhaozhiguo/.openclaw/workspace/memory/archive/2026-04-02.md are identical
mv: /Users/zhaozhiguo/.openclaw/workspace/memory/archive/2026-04-20-nightly.md and /Users/zhaozhiguo/.openclaw/workspace/memory/archive/2026-04-20-nightly.md are identical
mv: /Users/zhaozhiguo/.openclaw/workspace/memory/archive/2026-04-16-russian-study.md and /Users/zhaozhiguo/.openclaw/workspace/memory/archive/2026-04-16-russian-study.md are identical
mv: /Users/zhaozhiguo/.openclaw/workspace/memory/archive/2026-04-26.md and /Users/zhaozhiguo/.openclaw/workspace/memory/archive/2026-04-26.md are identical
mv: /Users/zhaozhiguo/.openclaw/workspace/memory/archive/2026-04-12.md and /Users/zhaozhiguo/.openclaw/workspace/memory/archive/2026-04-12.md are identical
mv: /Users/zhaozhiguo/.openclaw/workspace/memory/archive/2026-04-05.md and /Users/zhaozhiguo/.openclaw/workspace/memory/archive/2026-04-05.md are identical
mv: /Users/zhaozhiguo/.openclaw/workspace/memory/archive/2026-04-14-1137.md and /Users/zhaozhiguo/.openclaw/workspace/memory/archive/2026-04-14-1137.md are identical
mv: /Users/zhaozhiguo/.openclaw/workspace/memory/archive/2026-03-17-russian-version.md and /Users/zhaozhiguo/.openclaw/workspace/memory/archive/2026-03-17-russian-version.md are identical
mv: /Users/zhaozhiguo/.openclaw/workspace/memory/archive/2026-04-15.md and /Users/zhaozhiguo/.openclaw/workspace/memory/archive/2026-04-15.md are identical
mv: /Users/zhaozhiguo/.openclaw/workspace/memory/archive/2026-04-21.md and /Users/zhaozhiguo/.openclaw/workspace/memory/archive/2026-04-21.md are identical
mv: /Users/zhaozhiguo/.openclaw/workspace/memory/archive/2026-03-16-vendor-inquiry.md and /Users/zhaozhiguo/.openclaw/workspace/memory/archive/2026-03-16-vendor-inquiry.md are identical
mv: /Users/zhaozhiguo/.openclaw/workspace/memory/archive/2026-04-01.md and /Users/zhaozhiguo/.openclaw/workspace/memory/archive/2026-04-01.md are identical
mv: /Users/zhaozhiguo/.openclaw/workspace/memory/archive/2026-04-11.md and /Users/zhaozhiguo/.openclaw/workspace/memory/archive/2026-04-11.md are identical
mv: /Users/zhaozhiguo/.openclaw/workspace/memory/archive/2026-04-24.md and /Users/zhaozhiguo/.openclaw/workspace/memory/archive/2026-04-24.md are identical
mv: /Users/zhaozhiguo/.openclaw/workspace/memory/archive/2026-04-10.md and /Users/zhaozhiguo/.openclaw/workspace/memory/archive/2026-04-10.md are identical
mv: /Users/zhaozhiguo/.openclaw/workspace/memory/archive/2026-04-30.md and /Users/zhaozhiguo/.openclaw/workspace/memory/archive/2026-04-30.md are identical
mv: /Users/zhaozhiguo/.openclaw/workspace/memory/archive/2026-04-04.md and /Users/zhaozhiguo/.openclaw/workspace/memory/archive/2026-04-04.md are identical
mv: /Users/zhaozhiguo/.openclaw/workspace/memory/archive/2026-04-16-china-russia-exchange.md and /Users/zhaozhiguo/.openclaw/workspace/memory/archive/2026-04-16-china-russia-exchange.md are identical
mv: /Users/zhaozhiguo/.openclaw/workspace/memory/archive/2026-04-14.md and /Users/zhaozhiguo/.openclaw/workspace/memory/archive/2026-04-14.md are identical
mv: /Users/zhaozhiguo/.openclaw/workspace/memory/archive/2026-04-15-russian.md and /Users/zhaozhiguo/.openclaw/workspace/memory/archive/2026-04-15-russian.md are identical
mv: /Users/zhaozhiguo/.openclaw/workspace/memory/archive/2026-04-20.md and /Users/zhaozhiguo/.openclaw/workspace/memory/archive/2026-04-20.md are identical
mv: /Users/zhaozhiguo/.openclaw/workspace/memory/archive/2026-03-30.md and /Users/zhaozhiguo/.openclaw/workspace/memory/archive/2026-03-30.md are identical
mv: /Users/zhaozhiguo/.openclaw/workspace/memory/archive/2026-05-01.md and /Users/zhaozhiguo/.openclaw/workspace/memory/archive/2026-05-01.md are identical
mv: /Users/zhaozhiguo/.openclaw/workspace/memory/archive/2026-04-30-nightly.md and /Users/zhaozhiguo/.openclaw/workspace/memory/archive/2026-04-30-nightly.md are identical
mv: /Users/zhaozhiguo/.openclaw/workspace/memory/archive/2026-04-15-0215.md and /Users/zhaozhiguo/.openclaw/workspace/memory/archive/2026-04-15-0215.md are identical
mv: /Users/zhaozhiguo/.openclaw/workspace/memory/archive/2026-03-31-russian.md and /Users/zhaozhiguo/.openclaw/workspace/memory/archive/2026-03-31-russian.md are identical
mv: /Users/zhaozhiguo/.openclaw/workspace/memory/archive/2026-05-05.md and /Users/zhaozhiguo/.openclaw/workspace/memory/archive/2026-05-05.md are identical
mv: /Users/zhaozhiguo/.openclaw/workspace/memory/archive/2026-04-16-nightly.md and /Users/zhaozhiguo/.openclaw/workspace/memory/archive/2026-04-16-nightly.md are identical
mv: /Users/zhaozhiguo/.openclaw/workspace/memory/archive/2026-04-21-nightly.md and /Users/zhaozhiguo/.openclaw/workspace/memory/archive/2026-04-21-nightly.md are identical
mv: /Users/zhaozhiguo/.openclaw/workspace/memory/archive/2026-05-04.md and /Users/zhaozhiguo/.openclaw/workspace/memory/archive/2026-05-04.md are identical
mv: /Users/zhaozhiguo/.openclaw/workspace/memory/archive/2025-04-17-learning.md and /Users/zhaozhiguo/.openclaw/workspace/memory/archive/2025-04-17-learning.md are identical
mv: /Users/zhaozhiguo/.openclaw/workspace/memory/archive/2026-03-31.md and /Users/zhaozhiguo/.openclaw/workspace/memory/archive/2026-03-31.md are identical
mv: /Users/zhaozhiguo/.openclaw/workspace/memory/archive/2026-04-09.md and /Users/zhaozhiguo/.openclaw/workspace/memory/archive/2026-04-09.md are identical
mv: /Users/zhaozhiguo/.openclaw/workspace/memory/archive/2026-03-16-openclaw-control-ui.md and /Users/zhaozhiguo/.openclaw/workspace/memory/archive/2026-03-16-openclaw-control-ui.md are identical
mv: /Users/zhaozhiguo/.openclaw/workspace/memory/archive/2026-04-19.md and /Users/zhaozhiguo/.openclaw/workspace/memory/archive/2026-04-19.md are identical
mv: /Users/zhaozhiguo/.openclaw/workspace/memory/archive/2026-03-26.md and /Users/zhaozhiguo/.openclaw/workspace/memory/archive/2026-03-26.md are identical
mv: /Users/zhaozhiguo/.openclaw/workspace/memory/archive/2026-04-20-russian-culture.md and /Users/zhaozhiguo/.openclaw/workspace/memory/archive/2026-04-20-russian-culture.md are identical
mv: /Users/zhaozhiguo/.openclaw/workspace/memory/archive/2026-05-03.md and /Users/zhaozhiguo/.openclaw/workspace/memory/archive/2026-05-03.md are identical
mv: /Users/zhaozhiguo/.openclaw/workspace/memory/archive/2026-04-26-0117.md and /Users/zhaozhiguo/.openclaw/workspace/memory/archive/2026-04-26-0117.md are identical
mv: /Users/zhaozhiguo/.openclaw/workspace/memory/archive/2026-04-29.md and /Users/zhaozhiguo/.openclaw/workspace/memory/archive/2026-04-29.md are identical
mv: /Users/zhaozhiguo/.openclaw/workspace/memory/archive/2026-05-02.md and /Users/zhaozhiguo/.openclaw/workspace/memory/archive/2026-05-02.md are identical
mv: /Users/zhaozhiguo/.openclaw/workspace/memory/archive/2026-04-28.md and /Users/zhaozhiguo/.openclaw/workspace/memory/archive/2026-04-28.md are identical
mv: /Users/zhaozhiguo/.openclaw/workspace/memory/archive/2026-04-08.md and /Users/zhaozhiguo/.openclaw/workspace/memory/archive/2026-04-08.md are identical
mv: /Users/zhaozhiguo/.openclaw/workspace/memory/archive/2026-05-06.md and /Users/zhaozhiguo/.openclaw/workspace/memory/archive/2026-05-06.md are identical
mv: /Users/zhaozhiguo/.openclaw/workspace/memory/archive/2026-04-18.md and /Users/zhaozhiguo/.openclaw/workspace/memory/archive/2026-04-18.md are identical
mv: /Users/zhaozhiguo/.openclaw/workspace/memory/archive/2026-04-03.md and /Users/zhaozhiguo/.openclaw/workspace/memory/archive/2026-04-03.md are identical
mv: /Users/zhaozhiguo/.openclaw/workspace/memory/archive/2026-03-16-http-401-authentication-error-.md and /Users/zhaozhiguo/.openclaw/workspace/memory/archive/2026-03-16-http-401-authentication-error-.md are identical
mv: /Users/zhaozhiguo/.openclaw/workspace/memory/archive/2026-04-27.md and /Users/zhaozhiguo/.openclaw/workspace/memory/archive/2026-04-27.md are identical
mv: /Users/zhaozhiguo/.openclaw/workspace/memory/archive/2026-03-16-russian-language.md and /Users/zhaozhiguo/.openclaw/workspace/memory/archive/2026-03-16-russian-language.md are identical
mv: /Users/zhaozhiguo/.openclaw/workspace/memory/archive/2026-04-13.md and /Users/zhaozhiguo/.openclaw/workspace/memory/archive/2026-04-13.md are identical
mv: /Users/zhaozhiguo/.openclaw/workspace/memory/archive/2026-04-07.md and /Users/zhaozhiguo/.openclaw/workspace/memory/archive/2026-04-07.md are identical
mv: /Users/zhaozhiguo/.openclaw/workspace/memory/archive/2026-03-28.md and /Users/zhaozhiguo/.openclaw/workspace/memory/archive/2026-03-28.md are identical
mv: /Users/zhaozhiguo/.openclaw/workspace/memory/archive/2026-03-17-russia-child-travel.md and /Users/zhaozhiguo/.openclaw/workspace/memory/archive/2026-03-17-russia-child-travel.md are identical
mv: /Users/zhaozhiguo/.openclaw/workspace/memory/archive/2026-04-17.md and /Users/zhaozhiguo/.openclaw/workspace/memory/archive/2026-04-17.md are identical
mv: /Users/zhaozhiguo/.openclaw/workspace/memory/archive/2026-04-23.md and /Users/zhaozhiguo/.openclaw/workspace/memory/archive/2026-04-23.md are identical
mv: /Users/zhaozhiguo/.openclaw/workspace/memory/archive/2026-04-06.md and /Users/zhaozhiguo/.openclaw/workspace/memory/archive/2026-04-06.md are identical
mv: /Users/zhaozhiguo/.openclaw/workspace/memory/archive/2026-04-13-russian.md and /Users/zhaozhiguo/.openclaw/workspace/memory/archive/2026-04-13-russian.md are identical
mv: /Users/zhaozhiguo/.openclaw/workspace/memory/archive/2026-03-29.md and /Users/zhaozhiguo/.openclaw/workspace/memory/archive/2026-03-29.md are identical
mv: /Users/zhaozhiguo/.openclaw/workspace/memory/archive/2026-04-16.md and /Users/zhaozhiguo/.openclaw/workspace/memory/archive/2026-04-16.md are identical
mv: /Users/zhaozhiguo/.openclaw/workspace/memory/archive/2026-04-22.md and /Users/zhaozhiguo/.openclaw/workspace/memory/archive/2026-04-22.md are identical
mv: /Users/zhaozhiguo/.openclaw/workspace/memory/archive/2026-04-02.md and /Users/zhaozhiguo/.openclaw/workspace/memory/archive/2026-04-02.md are identical
mv: /Users/zhaozhiguo/.openclaw/workspace/memory/archive/2026-04-20-nightly.md and /Users/zhaozhiguo/.openclaw/workspace/memory/archive/2026-04-20-nightly.md are identical
mv: /Users/zhaozhiguo/.openclaw/workspace/memory/archive/2026-04-16-russian-study.md and /Users/zhaozhiguo/.openclaw/workspace/memory/archive/2026-04-16-russian-study.md are identical
mv: /Users/zhaozhiguo/.openclaw/workspace/memory/archive/2026-04-26.md and /Users/zhaozhiguo/.openclaw/workspace/memory/archive/2026-04-26.md are identical
mv: /Users/zhaozhiguo/.openclaw/workspace/memory/archive/2026-04-12.md and /Users/zhaozhiguo/.openclaw/workspace/memory/archive/2026-04-12.md are identical
mv: /Users/zhaozhiguo/.openclaw/workspace/memory/archive/2026-04-05.md and /Users/zhaozhiguo/.openclaw/workspace/memory/archive/2026-04-05.md are identical
mv: /Users/zhaozhiguo/.openclaw/workspace/memory/archive/2026-04-14-1137.md and /Users/zhaozhiguo/.openclaw/workspace/memory/archive/2026-04-14-1137.md are identical
mv: /Users/zhaozhiguo/.openclaw/workspace/memory/archive/2026-03-17-russian-version.md and /Users/zhaozhiguo/.openclaw/workspace/memory/archive/2026-03-17-russian-version.md are identical
mv: /Users/zhaozhiguo/.openclaw/workspace/memory/archive/2026-04-15.md and /Users/zhaozhiguo/.openclaw/workspace/memory/archive/2026-04-15.md are identical
mv: /Users/zhaozhiguo/.openclaw/workspace/memory/archive/2026-04-21.md and /Users/zhaozhiguo/.openclaw/workspace/memory/archive/2026-04-21.md are identical
mv: /Users/zhaozhiguo/.openclaw/workspace/memory/archive/2026-03-16-vendor-inquiry.md and /Users/zhaozhiguo/.openclaw/workspace/memory/archive/2026-03-16-vendor-inquiry.md are identical
mv: /Users/zhaozhiguo/.openclaw/workspace/memory/archive/2026-04-01.md and /Users/zhaozhiguo/.openclaw/workspace/memory/archive/2026-04-01.md are identical
mv: /Users/zhaozhiguo/.openclaw/workspace/memory/archive/2026-04-11.md and /Users/zhaozhiguo/.openclaw/workspace/memory/archive/2026-04-11.md are identical
mv: /Users/zhaozhiguo/.openclaw/workspace/memory/archive/2026-04-24.md and /Users/zhaozhiguo/.openclaw/workspace/memory/archive/2026-04-24.md are identical
mv: /Users/zhaozhiguo/.openclaw/workspace/memory/archive/2026-04-10.md and /Users/zhaozhiguo/.openclaw/workspace/memory/archive/2026-04-10.md are identical
mv: /Users/zhaozhiguo/.openclaw/workspace/memory/archive/2026-04-30.md and /Users/zhaozhiguo/.openclaw/workspace/memory/archive/2026-04-30.md are identical
mv: /Users/zhaozhiguo/.openclaw/workspace/memory/archive/2026-04-04.md and /Users/zhaozhiguo/.openclaw/workspace/memory/archive/2026-04-04.md are identical
mv: /Users/zhaozhiguo/.openclaw/workspace/memory/archive/2026-04-16-china-russia-exchange.md and /Users/zhaozhiguo/.openclaw/workspace/memory/archive/2026-04-16-china-russia-exchange.md are identical
mv: /Users/zhaozhiguo/.openclaw/workspace/memory/archive/2026-04-14.md and /Users/zhaozhiguo/.openclaw/workspace/memory/archive/2026-04-14.md are identical
mv: /Users/zhaozhiguo/.openclaw/workspace/memory/archive/2026-04-15-russian.md and /Users/zhaozhiguo/.openclaw/workspace/memory/archive/2026-04-15-russian.md are identical
mv: /Users/zhaozhiguo/.openclaw/workspace/memory/archive/2026-04-20.md and /Users/zhaozhiguo/.openclaw/workspace/memory/archive/2026-04-20.md are identical
mv: /Users/zhaozhiguo/.openclaw/workspace/memory/archive/2026-03-30.md and /Users/zhaozhiguo/.openclaw/workspace/memory/archive/2026-03-30.md are identical
mv: /Users/zhaozhiguo/.openclaw/workspace/memory/archive/2026-05-01.md and /Users/zhaozhiguo/.openclaw/workspace/memory/archive/2026-05-01.md are identical
mv: /Users/zhaozhiguo/.openclaw/workspace/memory/archive/2026-04-30-nightly.md and /Users/zhaozhiguo/.openclaw/workspace/memory/archive/2026-04-30-nightly.md are identical
mv: /Users/zhaozhiguo/.openclaw/workspace/memory/archive/2026-04-15-0215.md and /Users/zhaozhiguo/.openclaw/workspace/memory/archive/2026-04-15-0215.md are identical
mv: /Users/zhaozhiguo/.openclaw/workspace/memory/archive/2026-03-31-russian.md and /Users/zhaozhiguo/.openclaw/workspace/memory/archive/2026-03-31-russian.md are identical
mv: /Users/zhaozhiguo/.openclaw/workspace/memory/archive/2026-05-05.md and /Users/zhaozhiguo/.openclaw/workspace/memory/archive/2026-05-05.md are identical
mv: /Users/zhaozhiguo/.openclaw/workspace/memory/archive/2026-04-16-nightly.md and /Users/zhaozhiguo/.openclaw/workspace/memory/archive/2026-04-16-nightly.md are identical
mv: /Users/zhaozhiguo/.openclaw/workspace/memory/archive/2026-04-21-nightly.md and /Users/zhaozhiguo/.openclaw/workspace/memory/archive/2026-04-21-nightly.md are identical
mv: /Users/zhaozhiguo/.openclaw/workspace/memory/archive/2026-05-04.md and /Users/zhaozhiguo/.openclaw/workspace/memory/archive/2026-05-04.md are identical
mv: /Users/zhaozhiguo/.openclaw/workspace/memory/archive/2025-04-17-learning.md and /Users/zhaozhiguo/.openclaw/workspace/memory/archive/2025-04-17-learning.md are identical
mv: /Users/zhaozhiguo/.openclaw/workspace/memory/archive/2026-03-31.md and /Users/zhaozhiguo/.openclaw/workspace/memory/archive/2026-03-31.md are identical
mv: /Users/zhaozhiguo/.openclaw/workspace/memory/archive/2026-04-09.md and /Users/zhaozhiguo/.openclaw/workspace/memory/archive/2026-04-09.md are identical
mv: /Users/zhaozhiguo/.openclaw/workspace/memory/archive/2026-03-16-openclaw-control-ui.md and /Users/zhaozhiguo/.openclaw/workspace/memory/archive/2026-03-16-openclaw-control-ui.md are identical
mv: /Users/zhaozhiguo/.openclaw/workspace/memory/archive/2026-04-19.md and /Users/zhaozhiguo/.openclaw/workspace/memory/archive/2026-04-19.md are identical
mv: /Users/zhaozhiguo/.openclaw/workspace/memory/archive/2026-03-26.md and /Users/zhaozhiguo/.openclaw/workspace/memory/archive/2026-03-26.md are identical
mv: /Users/zhaozhiguo/.openclaw/workspace/memory/archive/2026-04-20-russian-culture.md and /Users/zhaozhiguo/.openclaw/workspace/memory/archive/2026-04-20-russian-culture.md are identical
mv: /Users/zhaozhiguo/.openclaw/workspace/memory/archive/2026-05-03.md and /Users/zhaozhiguo/.openclaw/workspace/memory/archive/2026-05-03.md are identical
mv: /Users/zhaozhiguo/.openclaw/workspace/memory/archive/2026-04-26-0117.md and /Users/zhaozhiguo/.openclaw/workspace/memory/archive/2026-04-26-0117.md are identical
mv: /Users/zhaozhiguo/.openclaw/workspace/memory/archive/2026-04-29.md and /Users/zhaozhiguo/.openclaw/workspace/memory/archive/2026-04-29.md are identical
mv: /Users/zhaozhiguo/.openclaw/workspace/memory/archive/2026-05-02.md and /Users/zhaozhiguo/.openclaw/workspace/memory/archive/2026-05-02.md are identical
mv: /Users/zhaozhiguo/.openclaw/workspace/memory/archive/2026-04-28.md and /Users/zhaozhiguo/.openclaw/workspace/memory/archive/2026-04-28.md are identical
mv: /Users/zhaozhiguo/.openclaw/workspace/memory/archive/2026-04-08.md and /Users/zhaozhiguo/.openclaw/workspace/memory/archive/2026-04-08.md are identical
mv: /Users/zhaozhiguo/.openclaw/workspace/memory/archive/2026-05-06.md and /Users/zhaozhiguo/.openclaw/workspace/memory/archive/2026-05-06.md are identical
mv: /Users/zhaozhiguo/.openclaw/workspace/memory/archive/2026-04-18.md and /Users/zhaozhiguo/.openclaw/workspace/memory/archive/2026-04-18.md are identical
mv: /Users/zhaozhiguo/.openclaw/workspace/memory/archive/2026-04-03.md and /Users/zhaozhiguo/.openclaw/workspace/memory/archive/2026-04-03.md are identical
mv: /Users/zhaozhiguo/.openclaw/workspace/memory/archive/2026-03-16-http-401-authentication-error-.md and /Users/zhaozhiguo/.openclaw/workspace/memory/archive/2026-03-16-http-401-authentication-error-.md are identical
mv: /Users/zhaozhiguo/.openclaw/workspace/memory/archive/2026-04-27.md and /Users/zhaozhiguo/.openclaw/workspace/memory/archive/2026-04-27.md are identical
mv: /Users/zhaozhiguo/.openclaw/workspace/memory/archive/2026-03-16-russian-language.md and /Users/zhaozhiguo/.openclaw/workspace/memory/archive/2026-03-16-russian-language.md are identical
mv: /Users/zhaozhiguo/.openclaw/workspace/memory/archive/2026-04-13.md and /Users/zhaozhiguo/.openclaw/workspace/memory/archive/2026-04-13.md are identical
mv: /Users/zhaozhiguo/.openclaw/workspace/memory/archive/2026-04-07.md and /Users/zhaozhiguo/.openclaw/workspace/memory/archive/2026-04-07.md are identical
mv: /Users/zhaozhiguo/.openclaw/workspace/memory/archive/2026-03-28.md and /Users/zhaozhiguo/.openclaw/workspace/memory/archive/2026-03-28.md are identical
mv: /Users/zhaozhiguo/.openclaw/workspace/memory/archive/2026-03-17-russia-child-travel.md and /Users/zhaozhiguo/.openclaw/workspace/memory/archive/2026-03-17-russia-child-travel.md are identical
mv: /Users/zhaozhiguo/.openclaw/workspace/memory/archive/2026-04-17.md and /Users/zhaozhiguo/.openclaw/workspace/memory/archive/2026-04-17.md are identical
mv: /Users/zhaozhiguo/.openclaw/workspace/memory/archive/2026-04-23.md and /Users/zhaozhiguo/.openclaw/workspace/memory/archive/2026-04-23.md are identical
mv: /Users/zhaozhiguo/.openclaw/workspace/memory/archive/2026-04-06.md and /Users/zhaozhiguo/.openclaw/workspace/memory/archive/2026-04-06.md are identical
mv: /Users/zhaozhiguo/.openclaw/workspace/memory/archive/2026-04-13-russian.md and /Users/zhaozhiguo/.openclaw/workspace/memory/archive/2026-04-13-russian.md are identical
mv: /Users/zhaozhiguo/.openclaw/workspace/memory/archive/2026-03-29.md and /Users/zhaozhiguo/.openclaw/workspace/memory/archive/2026-03-29.md are identical
mv: /Users/zhaozhiguo/.openclaw/workspace/memory/archive/2026-04-16.md and /Users/zhaozhiguo/.openclaw/workspace/memory/archive/2026-04-16.md are identical
mv: /Users/zhaozhiguo/.openclaw/workspace/memory/archive/2026-04-22.md and /Users/zhaozhiguo/.openclaw/workspace/memory/archive/2026-04-22.md are identical
mv: /Users/zhaozhiguo/.openclaw/workspace/memory/archive/2026-04-02.md and /Users/zhaozhiguo/.openclaw/workspace/memory/archive/2026-04-02.md are identical
mv: /Users/zhaozhiguo/.openclaw/workspace/memory/archive/2026-04-20-nightly.md and /Users/zhaozhiguo/.openclaw/workspace/memory/archive/2026-04-20-nightly.md are identical
mv: /Users/zhaozhiguo/.openclaw/workspace/memory/archive/2026-04-16-russian-study.md and /Users/zhaozhiguo/.openclaw/workspace/memory/archive/2026-04-16-russian-study.md are identical
mv: /Users/zhaozhiguo/.openclaw/workspace/memory/archive/2026-04-26.md and /Users/zhaozhiguo/.openclaw/workspace/memory/archive/2026-04-26.md are identical
mv: /Users/zhaozhiguo/.openclaw/workspace/memory/archive/2026-04-12.md and /Users/zhaozhiguo/.openclaw/workspace/memory/archive/2026-04-12.md are identical
mv: /Users/zhaozhiguo/.openclaw/workspace/memory/archive/2026-04-05.md and /Users/zhaozhiguo/.openclaw/workspace/memory/archive/2026-04-05.md are identical
mv: /Users/zhaozhiguo/.openclaw/workspace/memory/archive/2026-04-14-1137.md and /Users/zhaozhiguo/.openclaw/workspace/memory/archive/2026-04-14-1137.md are identical
mv: /Users/zhaozhiguo/.openclaw/workspace/memory/archive/2026-03-17-russian-version.md and /Users/zhaozhiguo/.openclaw/workspace/memory/archive/2026-03-17-russian-version.md are identical
mv: /Users/zhaozhiguo/.openclaw/workspace/memory/archive/2026-04-15.md and /Users/zhaozhiguo/.openclaw/workspace/memory/archive/2026-04-15.md are identical
mv: /Users/zhaozhiguo/.openclaw/workspace/memory/archive/2026-04-21.md and /Users/zhaozhiguo/.openclaw/workspace/memory/archive/2026-04-21.md are identical
mv: /Users/zhaozhiguo/.openclaw/workspace/memory/archive/2026-03-16-vendor-inquiry.md and /Users/zhaozhiguo/.openclaw/workspace/memory/archive/2026-03-16-vendor-inquiry.md are identical
mv: /Users/zhaozhiguo/.openclaw/workspace/memory/archive/2026-04-01.md and /Users/zhaozhiguo/.openclaw/workspace/memory/archive/2026-04-01.md are identical
mv: /Users/zhaozhiguo/.openclaw/workspace/memory/archive/2026-04-11.md and /Users/zhaozhiguo/.openclaw/workspace/memory/archive/2026-04-11.md are identical
mv: /Users/zhaozhiguo/.openclaw/workspace/memory/archive/2026-04-24.md and /Users/zhaozhiguo/.openclaw/workspace/memory/archive/2026-04-24.md are identical
mv: /Users/zhaozhiguo/.openclaw/workspace/memory/archive/2026-04-10.md and /Users/zhaozhiguo/.openclaw/workspace/memory/archive/2026-04-10.md are identical
mv: /Users/zhaozhiguo/.openclaw/workspace/memory/archive/2026-04-30.md and /Users/zhaozhiguo/.openclaw/workspace/memory/archive/2026-04-30.md are identical
mv: /Users/zhaozhiguo/.openclaw/workspace/memory/archive/2026-04-04.md and /Users/zhaozhiguo/.openclaw/workspace/memory/archive/2026-04-04.md are identical
mv: /Users/zhaozhiguo/.openclaw/workspace/memory/archive/2026-04-16-china-russia-exchange.md and /Users/zhaozhiguo/.openclaw/workspace/memory/archive/2026-04-16-china-russia-exchange.md are identical
mv: /Users/zhaozhiguo/.openclaw/workspace/memory/archive/2026-04-14.md and /Users/zhaozhiguo/.openclaw/workspace/memory/archive/2026-04-14.md are identical
mv: /Users/zhaozhiguo/.openclaw/workspace/memory/archive/2026-04-15-russian.md and /Users/zhaozhiguo/.openclaw/workspace/memory/archive/2026-04-15-russian.md are identical
mv: /Users/zhaozhiguo/.openclaw/workspace/memory/archive/2026-04-20.md and /Users/zhaozhiguo/.openclaw/workspace/memory/archive/2026-04-20.md are identical
mv: /Users/zhaozhiguo/.openclaw/workspace/memory/archive/2026-03-30.md and /Users/zhaozhiguo/.openclaw/workspace/memory/archive/2026-03-30.md are identical
mv: /Users/zhaozhiguo/.openclaw/workspace/memory/archive/2026-05-01.md and /Users/zhaozhiguo/.openclaw/workspace/memory/archive/2026-05-01.md are identical
mv: /Users/zhaozhiguo/.openclaw/workspace/memory/archive/2026-04-30-nightly.md and /Users/zhaozhiguo/.openclaw/workspace/memory/archive/2026-04-30-nightly.md are identical
mv: /Users/zhaozhiguo/.openclaw/workspace/memory/archive/2026-04-15-0215.md and /Users/zhaozhiguo/.openclaw/workspace/memory/archive/2026-04-15-0215.md are identical
mv: /Users/zhaozhiguo/.openclaw/workspace/memory/archive/2026-03-31-russian.md and /Users/zhaozhiguo/.openclaw/workspace/memory/archive/2026-03-31-russian.md are identical
mv: /Users/zhaozhiguo/.openclaw/workspace/memory/archive/2026-05-05.md and /Users/zhaozhiguo/.openclaw/workspace/memory/archive/2026-05-05.md are identical
mv: /Users/zhaozhiguo/.openclaw/workspace/memory/archive/2026-04-16-nightly.md and /Users/zhaozhiguo/.openclaw/workspace/memory/archive/2026-04-16-nightly.md are identical
mv: /Users/zhaozhiguo/.openclaw/workspace/memory/archive/2026-04-21-nightly.md and /Users/zhaozhiguo/.openclaw/workspace/memory/archive/2026-04-21-nightly.md are identical
mv: /Users/zhaozhiguo/.openclaw/workspace/memory/archive/2026-05-04.md and /Users/zhaozhiguo/.openclaw/workspace/memory/archive/2026-05-04.md are identical
mv: /Users/zhaozhiguo/.openclaw/workspace/memory/archive/2025-04-17-learning.md and /Users/zhaozhiguo/.openclaw/workspace/memory/archive/2025-04-17-learning.md are identical
mv: /Users/zhaozhiguo/.openclaw/workspace/memory/archive/2026-03-31.md and /Users/zhaozhiguo/.openclaw/workspace/memory/archive/2026-03-31.md are identical
mv: /Users/zhaozhiguo/.openclaw/workspace/memory/archive/2026-05-09-platform-switch.md and /Users/zhaozhiguo/.openclaw/workspace/memory/archive/2026-05-09-platform-switch.md are identical
mv: /Users/zhaozhiguo/.openclaw/workspace/memory/archive/2026-04-09.md and /Users/zhaozhiguo/.openclaw/workspace/memory/archive/2026-04-09.md are identical
mv: /Users/zhaozhiguo/.openclaw/workspace/memory/archive/2026-03-16-openclaw-control-ui.md and /Users/zhaozhiguo/.openclaw/workspace/memory/archive/2026-03-16-openclaw-control-ui.md are identical
mv: /Users/zhaozhiguo/.openclaw/workspace/memory/archive/2026-04-19.md and /Users/zhaozhiguo/.openclaw/workspace/memory/archive/2026-04-19.md are identical
mv: /Users/zhaozhiguo/.openclaw/workspace/memory/archive/2026-03-26.md and /Users/zhaozhiguo/.openclaw/workspace/memory/archive/2026-03-26.md are identical
mv: /Users/zhaozhiguo/.openclaw/workspace/memory/archive/2026-04-20-russian-culture.md and /Users/zhaozhiguo/.openclaw/workspace/memory/archive/2026-04-20-russian-culture.md are identical
mv: /Users/zhaozhiguo/.openclaw/workspace/memory/archive/2026-05-03.md and /Users/zhaozhiguo/.openclaw/workspace/memory/archive/2026-05-03.md are identical
mv: /Users/zhaozhiguo/.openclaw/workspace/memory/archive/2026-04-26-0117.md and /Users/zhaozhiguo/.openclaw/workspace/memory/archive/2026-04-26-0117.md are identical
mv: /Users/zhaozhiguo/.openclaw/workspace/memory/archive/2026-04-29.md and /Users/zhaozhiguo/.openclaw/workspace/memory/archive/2026-04-29.md are identical
mv: /Users/zhaozhiguo/.openclaw/workspace/memory/archive/2026-05-02.md and /Users/zhaozhiguo/.openclaw/workspace/memory/archive/2026-05-02.md are identical
mv: /Users/zhaozhiguo/.openclaw/workspace/memory/archive/2026-04-28.md and /Users/zhaozhiguo/.openclaw/workspace/memory/archive/2026-04-28.md are identical
mv: /Users/zhaozhiguo/.openclaw/workspace/memory/archive/2026-04-08.md and /Users/zhaozhiguo/.openclaw/workspace/memory/archive/2026-04-08.md are identical
mv: /Users/zhaozhiguo/.openclaw/workspace/memory/archive/2026-05-06.md and /Users/zhaozhiguo/.openclaw/workspace/memory/archive/2026-05-06.md are identical
mv: /Users/zhaozhiguo/.openclaw/workspace/memory/archive/2026-04-18.md and /Users/zhaozhiguo/.openclaw/workspace/memory/archive/2026-04-18.md are identical
mv: /Users/zhaozhiguo/.openclaw/workspace/memory/archive/2026-04-03.md and /Users/zhaozhiguo/.openclaw/workspace/memory/archive/2026-04-03.md are identical
mv: /Users/zhaozhiguo/.openclaw/workspace/memory/archive/2026-03-16-http-401-authentication-error-.md and /Users/zhaozhiguo/.openclaw/workspace/memory/archive/2026-03-16-http-401-authentication-error-.md are identical
mv: /Users/zhaozhiguo/.openclaw/workspace/memory/archive/2026-04-27.md and /Users/zhaozhiguo/.openclaw/workspace/memory/archive/2026-04-27.md are identical
mv: /Users/zhaozhiguo/.openclaw/workspace/memory/archive/2026-03-16-russian-language.md and /Users/zhaozhiguo/.openclaw/workspace/memory/archive/2026-03-16-russian-language.md are identical
mv: /Users/zhaozhiguo/.openclaw/workspace/memory/archive/2026-04-13.md and /Users/zhaozhiguo/.openclaw/workspace/memory/archive/2026-04-13.md are identical
mv: /Users/zhaozhiguo/.openclaw/workspace/memory/archive/2026-05-09.md and /Users/zhaozhiguo/.openclaw/workspace/memory/archive/2026-05-09.md are identical
mv: /Users/zhaozhiguo/.openclaw/workspace/memory/archive/2026-04-07.md and /Users/zhaozhiguo/.openclaw/workspace/memory/archive/2026-04-07.md are identical
mv: /Users/zhaozhiguo/.openclaw/workspace/memory/archive/2026-03-28.md and /Users/zhaozhiguo/.openclaw/workspace/memory/archive/2026-03-28.md are identical
mv: /Users/zhaozhiguo/.openclaw/workspace/memory/archive/2026-03-17-russia-child-travel.md and /Users/zhaozhiguo/.openclaw/workspace/memory/archive/2026-03-17-russia-child-travel.md are identical
mv: /Users/zhaozhiguo/.openclaw/workspace/memory/archive/2026-04-17.md and /Users/zhaozhiguo/.openclaw/workspace/memory/archive/2026-04-17.md are identical
mv: /Users/zhaozhiguo/.openclaw/workspace/memory/archive/2026-04-23.md and /Users/zhaozhiguo/.openclaw/workspace/memory/archive/2026-04-23.md are identical
mv: /Users/zhaozhiguo/.openclaw/workspace/memory/archive/2026-04-06.md and /Users/zhaozhiguo/.openclaw/workspace/memory/archive/2026-04-06.md are identical
mv: /Users/zhaozhiguo/.openclaw/workspace/memory/archive/2026-04-13-russian.md and /Users/zhaozhiguo/.openclaw/workspace/memory/archive/2026-04-13-russian.md are identical
mv: /Users/zhaozhiguo/.openclaw/workspace/memory/archive/2026-03-29.md and /Users/zhaozhiguo/.openclaw/workspace/memory/archive/2026-03-29.md are identical
mv: /Users/zhaozhiguo/.openclaw/workspace/memory/archive/2026-04-16.md and /Users/zhaozhiguo/.openclaw/workspace/memory/archive/2026-04-16.md are identical
mv: /Users/zhaozhiguo/.openclaw/workspace/memory/archive/2026-04-22.md and /Users/zhaozhiguo/.openclaw/workspace/memory/archive/2026-04-22.md are identical
mv: /Users/zhaozhiguo/.openclaw/workspace/memory/archive/2026-04-02.md and /Users/zhaozhiguo/.openclaw/workspace/memory/archive/2026-04-02.md are identical
mv: /Users/zhaozhiguo/.openclaw/workspace/memory/archive/2026-04-20-nightly.md and /Users/zhaozhiguo/.openclaw/workspace/memory/archive/2026-04-20-nightly.md are identical
mv: /Users/zhaozhiguo/.openclaw/workspace/memory/archive/2026-04-16-russian-study.md and /Users/zhaozhiguo/.openclaw/workspace/memory/archive/2026-04-16-russian-study.md are identical
mv: /Users/zhaozhiguo/.openclaw/workspace/memory/archive/2026-04-26.md and /Users/zhaozhiguo/.openclaw/workspace/memory/archive/2026-04-26.md are identical
mv: /Users/zhaozhiguo/.openclaw/workspace/memory/archive/2026-04-12.md and /Users/zhaozhiguo/.openclaw/workspace/memory/archive/2026-04-12.md are identical
mv: /Users/zhaozhiguo/.openclaw/workspace/memory/archive/2026-04-05.md and /Users/zhaozhiguo/.openclaw/workspace/memory/archive/2026-04-05.md are identical
mv: /Users/zhaozhiguo/.openclaw/workspace/memory/archive/2026-04-14-1137.md and /Users/zhaozhiguo/.openclaw/workspace/memory/archive/2026-04-14-1137.md are identical
mv: /Users/zhaozhiguo/.openclaw/workspace/memory/archive/2026-03-17-russian-version.md and /Users/zhaozhiguo/.openclaw/workspace/memory/archive/2026-03-17-russian-version.md are identical
mv: /Users/zhaozhiguo/.openclaw/workspace/memory/archive/2026-04-15.md and /Users/zhaozhiguo/.openclaw/workspace/memory/archive/2026-04-15.md are identical
mv: /Users/zhaozhiguo/.openclaw/workspace/memory/archive/2026-04-21.md and /Users/zhaozhiguo/.openclaw/workspace/memory/archive/2026-04-21.md are identical
mv: /Users/zhaozhiguo/.openclaw/workspace/memory/archive/2026-03-16-vendor-inquiry.md and /Users/zhaozhiguo/.openclaw/workspace/memory/archive/2026-03-16-vendor-inquiry.md are identical
mv: /Users/zhaozhiguo/.openclaw/workspace/memory/archive/2026-04-01.md and /Users/zhaozhiguo/.openclaw/workspace/memory/archive/2026-04-01.md are identical
mv: /Users/zhaozhiguo/.openclaw/workspace/memory/archive/2026-04-11.md and /Users/zhaozhiguo/.openclaw/workspace/memory/archive/2026-04-11.md are identical
mv: /Users/zhaozhiguo/.openclaw/workspace/memory/archive/2026-04-24.md and /Users/zhaozhiguo/.openclaw/workspace/memory/archive/2026-04-24.md are identical
mv: /Users/zhaozhiguo/.openclaw/workspace/memory/archive/2026-04-10.md and /Users/zhaozhiguo/.openclaw/workspace/memory/archive/2026-04-10.md are identical
mv: /Users/zhaozhiguo/.openclaw/workspace/memory/archive/2026-04-30.md and /Users/zhaozhiguo/.openclaw/workspace/memory/archive/2026-04-30.md are identical
mv: /Users/zhaozhiguo/.openclaw/workspace/memory/archive/2026-04-04.md and /Users/zhaozhiguo/.openclaw/workspace/memory/archive/2026-04-04.md are identical
mv: /Users/zhaozhiguo/.openclaw/workspace/memory/archive/2026-04-16-china-russia-exchange.md and /Users/zhaozhiguo/.openclaw/workspace/memory/archive/2026-04-16-china-russia-exchange.md are identical
mv: /Users/zhaozhiguo/.openclaw/workspace/memory/archive/2026-04-14.md and /Users/zhaozhiguo/.openclaw/workspace/memory/archive/2026-04-14.md are identical
mv: /Users/zhaozhiguo/.openclaw/workspace/memory/archive/2026-04-15-russian.md and /Users/zhaozhiguo/.openclaw/workspace/memory/archive/2026-04-15-russian.md are identical
mv: /Users/zhaozhiguo/.openclaw/workspace/memory/archive/2026-04-20.md and /Users/zhaozhiguo/.openclaw/workspace/memory/archive/2026-04-20.md are identical
mv: /Users/zhaozhiguo/.openclaw/workspace/memory/archive/2026-03-30.md and /Users/zhaozhiguo/.openclaw/workspace/memory/archive/2026-03-30.md are identical
mv: /Users/zhaozhiguo/.openclaw/workspace/memory/archive/2026-05-01.md and /Users/zhaozhiguo/.openclaw/workspace/memory/archive/2026-05-01.md are identical
mv: /Users/zhaozhiguo/.openclaw/workspace/memory/archive/2026-04-30-nightly.md and /Users/zhaozhiguo/.openclaw/workspace/memory/archive/2026-04-30-nightly.md are identical
mv: /Users/zhaozhiguo/.openclaw/workspace/memory/archive/2026-04-15-0215.md and /Users/zhaozhiguo/.openclaw/workspace/memory/archive/2026-04-15-0215.md are identical
mv: /Users/zhaozhiguo/.openclaw/workspace/memory/archive/2026-03-31-russian.md and /Users/zhaozhiguo/.openclaw/workspace/memory/archive/2026-03-31-russian.md are identical
mv: /Users/zhaozhiguo/.openclaw/workspace/memory/archive/2026-05-05.md and /Users/zhaozhiguo/.openclaw/workspace/memory/archive/2026-05-05.md are identical
mv: /Users/zhaozhiguo/.openclaw/workspace/memory/archive/2026-04-16-nightly.md and /Users/zhaozhiguo/.openclaw/workspace/memory/archive/2026-04-16-nightly.md are identical
mv: /Users/zhaozhiguo/.openclaw/workspace/memory/archive/2026-04-21-nightly.md and /Users/zhaozhiguo/.openclaw/workspace/memory/archive/2026-04-21-nightly.md are identical
mv: /Users/zhaozhiguo/.openclaw/workspace/memory/archive/2026-05-04.md and /Users/zhaozhiguo/.openclaw/workspace/memory/archive/2026-05-04.md are identical
mv: /Users/zhaozhiguo/.openclaw/workspace/memory/archive/2025-04-17-learning.md and /Users/zhaozhiguo/.openclaw/workspace/memory/archive/2025-04-17-learning.md are identical
mv: /Users/zhaozhiguo/.openclaw/workspace/memory/archive/2026-03-31.md and /Users/zhaozhiguo/.openclaw/workspace/memory/archive/2026-03-31.md are identical
mv: /Users/zhaozhiguo/.openclaw/workspace/memory/archive/2026-05-09-platform-switch.md and /Users/zhaozhiguo/.openclaw/workspace/memory/archive/2026-05-09-platform-switch.md are identical
mv: /Users/zhaozhiguo/.openclaw/workspace/memory/archive/2026-04-09.md and /Users/zhaozhiguo/.openclaw/workspace/memory/archive/2026-04-09.md are identical
mv: /Users/zhaozhiguo/.openclaw/workspace/memory/archive/2026-03-16-openclaw-control-ui.md and /Users/zhaozhiguo/.openclaw/workspace/memory/archive/2026-03-16-openclaw-control-ui.md are identical
mv: /Users/zhaozhiguo/.openclaw/workspace/memory/archive/2026-04-19.md and /Users/zhaozhiguo/.openclaw/workspace/memory/archive/2026-04-19.md are identical
mv: /Users/zhaozhiguo/.openclaw/workspace/memory/archive/2026-03-26.md and /Users/zhaozhiguo/.openclaw/workspace/memory/archive/2026-03-26.md are identical
mv: /Users/zhaozhiguo/.openclaw/workspace/memory/archive/2026-04-20-russian-culture.md and /Users/zhaozhiguo/.openclaw/workspace/memory/archive/2026-04-20-russian-culture.md are identical
mv: /Users/zhaozhiguo/.openclaw/workspace/memory/archive/2026-05-03.md and /Users/zhaozhiguo/.openclaw/workspace/memory/archive/2026-05-03.md are identical
mv: /Users/zhaozhiguo/.openclaw/workspace/memory/archive/2026-04-26-0117.md and /Users/zhaozhiguo/.openclaw/workspace/memory/archive/2026-04-26-0117.md are identical
mv: /Users/zhaozhiguo/.openclaw/workspace/memory/archive/2026-04-29.md and /Users/zhaozhiguo/.openclaw/workspace/memory/archive/2026-04-29.md are identical
mv: /Users/zhaozhiguo/.openclaw/workspace/memory/archive/2026-05-02.md and /Users/zhaozhiguo/.openclaw/workspace/memory/archive/2026-05-02.md are identical
mv: /Users/zhaozhiguo/.openclaw/workspace/memory/archive/2026-04-28.md and /Users/zhaozhiguo/.openclaw/workspace/memory/archive/2026-04-28.md are identical
mv: /Users/zhaozhiguo/.openclaw/workspace/memory/archive/2026-04-08.md and /Users/zhaozhiguo/.openclaw/workspace/memory/archive/2026-04-08.md are identical
mv: /Users/zhaozhiguo/.openclaw/workspace/memory/archive/2026-05-06.md and /Users/zhaozhiguo/.openclaw/workspace/memory/archive/2026-05-06.md are identical
mv: /Users/zhaozhiguo/.openclaw/workspace/memory/archive/2026-04-18.md and /Users/zhaozhiguo/.openclaw/workspace/memory/archive/2026-04-18.md are identical
mv: /Users/zhaozhiguo/.openclaw/workspace/memory/archive/2026-04-03.md and /Users/zhaozhiguo/.openclaw/workspace/memory/archive/2026-04-03.md are identical
mv: /Users/zhaozhiguo/.openclaw/workspace/memory/archive/2026-03-16-http-401-authentication-error-.md and /Users/zhaozhiguo/.openclaw/workspace/memory/archive/2026-03-16-http-401-authentication-error-.md are identical
mv: /Users/zhaozhiguo/.openclaw/workspace/memory/archive/2026-04-27.md and /Users/zhaozhiguo/.openclaw/workspace/memory/archive/2026-04-27.md are identical
mv: /Users/zhaozhiguo/.openclaw/workspace/memory/archive/2026-03-16-russian-language.md and /Users/zhaozhiguo/.openclaw/workspace/memory/archive/2026-03-16-russian-language.md are identical
mv: /Users/zhaozhiguo/.openclaw/workspace/memory/archive/2026-04-13.md and /Users/zhaozhiguo/.openclaw/workspace/memory/archive/2026-04-13.md are identical
mv: /Users/zhaozhiguo/.openclaw/workspace/memory/archive/2026-05-09.md and /Users/zhaozhiguo/.openclaw/workspace/memory/archive/2026-05-09.md are identical
mv: /Users/zhaozhiguo/.openclaw/workspace/memory/archive/2026-04-07.md and /Users/zhaozhiguo/.openclaw/workspace/memory/archive/2026-04-07.md are identical
mv: /Users/zhaozhiguo/.openclaw/workspace/memory/archive/2026-03-28.md and /Users/zhaozhiguo/.openclaw/workspace/memory/archive/2026-03-28.md are identical
mv: /Users/zhaozhiguo/.openclaw/workspace/memory/archive/2026-03-17-russia-child-travel.md and /Users/zhaozhiguo/.openclaw/workspace/memory/archive/2026-03-17-russia-child-travel.md are identical
mv: /Users/zhaozhiguo/.openclaw/workspace/memory/archive/2026-04-17.md and /Users/zhaozhiguo/.openclaw/workspace/memory/archive/2026-04-17.md are identical
mv: /Users/zhaozhiguo/.openclaw/workspace/memory/archive/2026-04-23.md and /Users/zhaozhiguo/.openclaw/workspace/memory/archive/2026-04-23.md are identical
mv: /Users/zhaozhiguo/.openclaw/workspace/memory/archive/2026-04-06.md and /Users/zhaozhiguo/.openclaw/workspace/memory/archive/2026-04-06.md are identical
mv: /Users/zhaozhiguo/.openclaw/workspace/memory/archive/2026-04-13-russian.md and /Users/zhaozhiguo/.openclaw/workspace/memory/archive/2026-04-13-russian.md are identical
mv: /Users/zhaozhiguo/.openclaw/workspace/memory/archive/2026-03-29.md and /Users/zhaozhiguo/.openclaw/workspace/memory/archive/2026-03-29.md are identical
mv: /Users/zhaozhiguo/.openclaw/workspace/memory/archive/2026-04-16.md and /Users/zhaozhiguo/.openclaw/workspace/memory/archive/2026-04-16.md are identical
mv: /Users/zhaozhiguo/.openclaw/workspace/memory/archive/2026-04-22.md and /Users/zhaozhiguo/.openclaw/workspace/memory/archive/2026-04-22.md are identical
mv: /Users/zhaozhiguo/.openclaw/workspace/memory/archive/2026-04-02.md and /Users/zhaozhiguo/.openclaw/workspace/memory/archive/2026-04-02.md are identical
mv: /Users/zhaozhiguo/.openclaw/workspace/memory/archive/2026-04-20-nightly.md and /Users/zhaozhiguo/.openclaw/workspace/memory/archive/2026-04-20-nightly.md are identical
mv: /Users/zhaozhiguo/.openclaw/workspace/memory/archive/2026-04-16-russian-study.md and /Users/zhaozhiguo/.openclaw/workspace/memory/archive/2026-04-16-russian-study.md are identical
mv: /Users/zhaozhiguo/.openclaw/workspace/memory/archive/2026-04-26.md and /Users/zhaozhiguo/.openclaw/workspace/memory/archive/2026-04-26.md are identical
mv: /Users/zhaozhiguo/.openclaw/workspace/memory/archive/2026-04-12.md and /Users/zhaozhiguo/.openclaw/workspace/memory/archive/2026-04-12.md are identical
mv: /Users/zhaozhiguo/.openclaw/workspace/memory/archive/2026-04-05.md and /Users/zhaozhiguo/.openclaw/workspace/memory/archive/2026-04-05.md are identical
mv: /Users/zhaozhiguo/.openclaw/workspace/memory/archive/2026-04-14-1137.md and /Users/zhaozhiguo/.openclaw/workspace/memory/archive/2026-04-14-1137.md are identical
mv: /Users/zhaozhiguo/.openclaw/workspace/memory/archive/2026-03-17-russian-version.md and /Users/zhaozhiguo/.openclaw/workspace/memory/archive/2026-03-17-russian-version.md are identical
mv: /Users/zhaozhiguo/.openclaw/workspace/memory/archive/2026-04-15.md and /Users/zhaozhiguo/.openclaw/workspace/memory/archive/2026-04-15.md are identical
mv: /Users/zhaozhiguo/.openclaw/workspace/memory/archive/2026-04-21.md and /Users/zhaozhiguo/.openclaw/workspace/memory/archive/2026-04-21.md are identical
mv: /Users/zhaozhiguo/.openclaw/workspace/memory/archive/2026-03-16-vendor-inquiry.md and /Users/zhaozhiguo/.openclaw/workspace/memory/archive/2026-03-16-vendor-inquiry.md are identical
mv: /Users/zhaozhiguo/.openclaw/workspace/memory/archive/2026-04-01.md and /Users/zhaozhiguo/.openclaw/workspace/memory/archive/2026-04-01.md are identical
mv: /Users/zhaozhiguo/.openclaw/workspace/memory/archive/2026-04-11.md and /Users/zhaozhiguo/.openclaw/workspace/memory/archive/2026-04-11.md are identical
mv: /Users/zhaozhiguo/.openclaw/workspace/memory/archive/2026-04-24.md and /Users/zhaozhiguo/.openclaw/workspace/memory/archive/2026-04-24.md are identical
mv: /Users/zhaozhiguo/.openclaw/workspace/memory/archive/2026-04-10.md and /Users/zhaozhiguo/.openclaw/workspace/memory/archive/2026-04-10.md are identical
mv: /Users/zhaozhiguo/.openclaw/workspace/memory/archive/2026-04-30.md and /Users/zhaozhiguo/.openclaw/workspace/memory/archive/2026-04-30.md are identical
mv: /Users/zhaozhiguo/.openclaw/workspace/memory/archive/2026-04-04.md and /Users/zhaozhiguo/.openclaw/workspace/memory/archive/2026-04-04.md are identical
mv: /Users/zhaozhiguo/.openclaw/workspace/memory/archive/2026-04-16-china-russia-exchange.md and /Users/zhaozhiguo/.openclaw/workspace/memory/archive/2026-04-16-china-russia-exchange.md are identical
mv: /Users/zhaozhiguo/.openclaw/workspace/memory/archive/2026-04-14.md and /Users/zhaozhiguo/.openclaw/workspace/memory/archive/2026-04-14.md are identical
mv: /Users/zhaozhiguo/.openclaw/workspace/memory/archive/2026-04-15-russian.md and /Users/zhaozhiguo/.openclaw/workspace/memory/archive/2026-04-15-russian.md are identical
mv: /Users/zhaozhiguo/.openclaw/workspace/memory/archive/2026-04-20.md and /Users/zhaozhiguo/.openclaw/workspace/memory/archive/2026-04-20.md are identical
mv: /Users/zhaozhiguo/.openclaw/workspace/memory/archive/2026-03-30.md and /Users/zhaozhiguo/.openclaw/workspace/memory/archive/2026-03-30.md are identical
mv: /Users/zhaozhiguo/.openclaw/workspace/memory/archive/2026-05-01.md and /Users/zhaozhiguo/.openclaw/workspace/memory/archive/2026-05-01.md are identical
mv: /Users/zhaozhiguo/.openclaw/workspace/memory/archive/2026-05-11.md and /Users/zhaozhiguo/.openclaw/workspace/memory/archive/2026-05-11.md are identical
mv: /Users/zhaozhiguo/.openclaw/workspace/memory/archive/2026-04-30-nightly.md and /Users/zhaozhiguo/.openclaw/workspace/memory/archive/2026-04-30-nightly.md are identical
mv: /Users/zhaozhiguo/.openclaw/workspace/memory/archive/2026-04-15-0215.md and /Users/zhaozhiguo/.openclaw/workspace/memory/archive/2026-04-15-0215.md are identical
mv: /Users/zhaozhiguo/.openclaw/workspace/memory/archive/2026-03-31-russian.md and /Users/zhaozhiguo/.openclaw/workspace/memory/archive/2026-03-31-russian.md are identical
mv: /Users/zhaozhiguo/.openclaw/workspace/memory/archive/2026-05-05.md and /Users/zhaozhiguo/.openclaw/workspace/memory/archive/2026-05-05.md are identical
mv: /Users/zhaozhiguo/.openclaw/workspace/memory/archive/2026-04-16-nightly.md and /Users/zhaozhiguo/.openclaw/workspace/memory/archive/2026-04-16-nightly.md are identical
mv: /Users/zhaozhiguo/.openclaw/workspace/memory/archive/2026-04-21-nightly.md and /Users/zhaozhiguo/.openclaw/workspace/memory/archive/2026-04-21-nightly.md are identical
mv: /Users/zhaozhiguo/.openclaw/workspace/memory/archive/2026-05-09-nightly.md and /Users/zhaozhiguo/.openclaw/workspace/memory/archive/2026-05-09-nightly.md are identical
mv: /Users/zhaozhiguo/.openclaw/workspace/memory/archive/2026-05-04.md and /Users/zhaozhiguo/.openclaw/workspace/memory/archive/2026-05-04.md are identical
mv: /Users/zhaozhiguo/.openclaw/workspace/memory/archive/2025-04-17-learning.md and /Users/zhaozhiguo/.openclaw/workspace/memory/archive/2025-04-17-learning.md are identical
mv: /Users/zhaozhiguo/.openclaw/workspace/memory/archive/2026-03-31.md and /Users/zhaozhiguo/.openclaw/workspace/memory/archive/2026-03-31.md are identical
mv: /Users/zhaozhiguo/.openclaw/workspace/memory/archive/2026-05-10.md and /Users/zhaozhiguo/.openclaw/workspace/memory/archive/2026-05-10.md are identical
mv: /Users/zhaozhiguo/.openclaw/workspace/memory/archive/2026-05-09-platform-switch.md and /Users/zhaozhiguo/.openclaw/workspace/memory/archive/2026-05-09-platform-switch.md are identical
mv: /Users/zhaozhiguo/.openclaw/workspace/memory/archive/2026-04-09.md and /Users/zhaozhiguo/.openclaw/workspace/memory/archive/2026-04-09.md are identical
mv: /Users/zhaozhiguo/.openclaw/workspace/memory/archive/2026-03-16-openclaw-control-ui.md and /Users/zhaozhiguo/.openclaw/workspace/memory/archive/2026-03-16-openclaw-control-ui.md are identical
mv: /Users/zhaozhiguo/.openclaw/workspace/memory/archive/2026-04-19.md and /Users/zhaozhiguo/.openclaw/workspace/memory/archive/2026-04-19.md are identical
mv: /Users/zhaozhiguo/.openclaw/workspace/memory/archive/2026-03-26.md and /Users/zhaozhiguo/.openclaw/workspace/memory/archive/2026-03-26.md are identical
mv: /Users/zhaozhiguo/.openclaw/workspace/memory/archive/2026-04-20-russian-culture.md and /Users/zhaozhiguo/.openclaw/workspace/memory/archive/2026-04-20-russian-culture.md are identical
mv: /Users/zhaozhiguo/.openclaw/workspace/memory/archive/2026-05-03.md and /Users/zhaozhiguo/.openclaw/workspace/memory/archive/2026-05-03.md are identical
mv: /Users/zhaozhiguo/.openclaw/workspace/memory/archive/2026-04-26-0117.md and /Users/zhaozhiguo/.openclaw/workspace/memory/archive/2026-04-26-0117.md are identical
mv: /Users/zhaozhiguo/.openclaw/workspace/memory/archive/2026-04-29.md and /Users/zhaozhiguo/.openclaw/workspace/memory/archive/2026-04-29.md are identical
mv: /Users/zhaozhiguo/.openclaw/workspace/memory/archive/2026-05-02.md and /Users/zhaozhiguo/.openclaw/workspace/memory/archive/2026-05-02.md are identical
mv: /Users/zhaozhiguo/.openclaw/workspace/memory/archive/2026-05-12.md and /Users/zhaozhiguo/.openclaw/workspace/memory/archive/2026-05-12.md are identical
mv: /Users/zhaozhiguo/.openclaw/workspace/memory/archive/2026-04-28.md and /Users/zhaozhiguo/.openclaw/workspace/memory/archive/2026-04-28.md are identical
mv: /Users/zhaozhiguo/.openclaw/workspace/memory/archive/2026-04-08.md and /Users/zhaozhiguo/.openclaw/workspace/memory/archive/2026-04-08.md are identical
mv: /Users/zhaozhiguo/.openclaw/workspace/memory/archive/2026-05-06.md and /Users/zhaozhiguo/.openclaw/workspace/memory/archive/2026-05-06.md are identical
mv: /Users/zhaozhiguo/.openclaw/workspace/memory/archive/2026-04-18.md and /Users/zhaozhiguo/.openclaw/workspace/memory/archive/2026-04-18.md are identical
mv: /Users/zhaozhiguo/.openclaw/workspace/memory/archive/2026-04-03.md and /Users/zhaozhiguo/.openclaw/workspace/memory/archive/2026-04-03.md are identical
mv: /Users/zhaozhiguo/.openclaw/workspace/memory/archive/2026-03-16-http-401-authentication-error-.md and /Users/zhaozhiguo/.openclaw/workspace/memory/archive/2026-03-16-http-401-authentication-error-.md are identical
mv: /Users/zhaozhiguo/.openclaw/workspace/memory/archive/2026-04-27.md and /Users/zhaozhiguo/.openclaw/workspace/memory/archive/2026-04-27.md are identical
mv: /Users/zhaozhiguo/.openclaw/workspace/memory/archive/2026-03-16-russian-language.md and /Users/zhaozhiguo/.openclaw/workspace/memory/archive/2026-03-16-russian-language.md are identical
mv: /Users/zhaozhiguo/.openclaw/workspace/memory/archive/2026-04-13.md and /Users/zhaozhiguo/.openclaw/workspace/memory/archive/2026-04-13.md are identical
mv: /Users/zhaozhiguo/.openclaw/workspace/memory/archive/2026-05-09.md and /Users/zhaozhiguo/.openclaw/workspace/memory/archive/2026-05-09.md are identical
mv: /Users/zhaozhiguo/.openclaw/workspace/memory/archive/2026-04-07.md and /Users/zhaozhiguo/.openclaw/workspace/memory/archive/2026-04-07.md are identical
mv: /Users/zhaozhiguo/.openclaw/workspace/memory/archive/2026-03-28.md and /Users/zhaozhiguo/.openclaw/workspace/memory/archive/2026-03-28.md are identical
mv: /Users/zhaozhiguo/.openclaw/workspace/memory/archive/2026-03-17-russia-child-travel.md and /Users/zhaozhiguo/.openclaw/workspace/memory/archive/2026-03-17-russia-child-travel.md are identical
mv: /Users/zhaozhiguo/.openclaw/workspace/memory/archive/2026-04-17.md and /Users/zhaozhiguo/.openclaw/workspace/memory/archive/2026-04-17.md are identical
mv: /Users/zhaozhiguo/.openclaw/workspace/memory/archive/2026-04-23.md and /Users/zhaozhiguo/.openclaw/workspace/memory/archive/2026-04-23.md are identical
mv: /Users/zhaozhiguo/.openclaw/workspace/memory/archive/2026-04-06.md and /Users/zhaozhiguo/.openclaw/workspace/memory/archive/2026-04-06.md are identical
mv: /Users/zhaozhiguo/.openclaw/workspace/memory/archive/2026-04-13-russian.md and /Users/zhaozhiguo/.openclaw/workspace/memory/archive/2026-04-13-russian.md are identical
mv: /Users/zhaozhiguo/.openclaw/workspace/memory/archive/2026-03-29.md and /Users/zhaozhiguo/.openclaw/workspace/memory/archive/2026-03-29.md are identical
mv: /Users/zhaozhiguo/.openclaw/workspace/memory/archive/2026-04-16.md and /Users/zhaozhiguo/.openclaw/workspace/memory/archive/2026-04-16.md are identical
mv: /Users/zhaozhiguo/.openclaw/workspace/memory/archive/2026-04-22.md and /Users/zhaozhiguo/.openclaw/workspace/memory/archive/2026-04-22.md are identical
mv: /Users/zhaozhiguo/.openclaw/workspace/memory/archive/2026-04-02.md and /Users/zhaozhiguo/.openclaw/workspace/memory/archive/2026-04-02.md are identical
mv: /Users/zhaozhiguo/.openclaw/workspace/memory/archive/2026-04-20-nightly.md and /Users/zhaozhiguo/.openclaw/workspace/memory/archive/2026-04-20-nightly.md are identical
mv: /Users/zhaozhiguo/.openclaw/workspace/memory/archive/2026-04-16-russian-study.md and /Users/zhaozhiguo/.openclaw/workspace/memory/archive/2026-04-16-russian-study.md are identical
mv: /Users/zhaozhiguo/.openclaw/workspace/memory/archive/2026-04-26.md and /Users/zhaozhiguo/.openclaw/workspace/memory/archive/2026-04-26.md are identical
mv: /Users/zhaozhiguo/.openclaw/workspace/memory/archive/2026-04-12.md and /Users/zhaozhiguo/.openclaw/workspace/memory/archive/2026-04-12.md are identical
mv: /Users/zhaozhiguo/.openclaw/workspace/memory/archive/2026-04-05.md and /Users/zhaozhiguo/.openclaw/workspace/memory/archive/2026-04-05.md are identical
mv: /Users/zhaozhiguo/.openclaw/workspace/memory/archive/2026-04-14-1137.md and /Users/zhaozhiguo/.openclaw/workspace/memory/archive/2026-04-14-1137.md are identical
mv: /Users/zhaozhiguo/.openclaw/workspace/memory/archive/2026-03-17-russian-version.md and /Users/zhaozhiguo/.openclaw/workspace/memory/archive/2026-03-17-russian-version.md are identical
mv: /Users/zhaozhiguo/.openclaw/workspace/memory/archive/2026-04-15.md and /Users/zhaozhiguo/.openclaw/workspace/memory/archive/2026-04-15.md are identical
mv: /Users/zhaozhiguo/.openclaw/workspace/memory/archive/2026-04-21.md and /Users/zhaozhiguo/.openclaw/workspace/memory/archive/2026-04-21.md are identical
mv: /Users/zhaozhiguo/.openclaw/workspace/memory/archive/2026-03-16-vendor-inquiry.md and /Users/zhaozhiguo/.openclaw/workspace/memory/archive/2026-03-16-vendor-inquiry.md are identical
mv: /Users/zhaozhiguo/.openclaw/workspace/memory/archive/2026-04-01.md and /Users/zhaozhiguo/.openclaw/workspace/memory/archive/2026-04-01.md are identical
mv: /Users/zhaozhiguo/.openclaw/workspace/memory/archive/2026-04-11.md and /Users/zhaozhiguo/.openclaw/workspace/memory/archive/2026-04-11.md are identical
mv: /Users/zhaozhiguo/.openclaw/workspace/memory/archive/2026-04-24.md and /Users/zhaozhiguo/.openclaw/workspace/memory/archive/2026-04-24.md are identical
mv: /Users/zhaozhiguo/.openclaw/workspace/memory/archive/2026-04-10.md and /Users/zhaozhiguo/.openclaw/workspace/memory/archive/2026-04-10.md are identical
mv: /Users/zhaozhiguo/.openclaw/workspace/memory/archive/2026-04-30.md and /Users/zhaozhiguo/.openclaw/workspace/memory/archive/2026-04-30.md are identical
mv: /Users/zhaozhiguo/.openclaw/workspace/memory/archive/2026-04-04.md and /Users/zhaozhiguo/.openclaw/workspace/memory/archive/2026-04-04.md are identical
mv: /Users/zhaozhiguo/.openclaw/workspace/memory/archive/2026-04-16-china-russia-exchange.md and /Users/zhaozhiguo/.openclaw/workspace/memory/archive/2026-04-16-china-russia-exchange.md are identical
mv: /Users/zhaozhiguo/.openclaw/workspace/memory/archive/2026-04-14.md and /Users/zhaozhiguo/.openclaw/workspace/memory/archive/2026-04-14.md are identical
mv: /Users/zhaozhiguo/.openclaw/workspace/memory/archive/2026-04-15-russian.md and /Users/zhaozhiguo/.openclaw/workspace/memory/archive/2026-04-15-russian.md are identical
mv: /Users/zhaozhiguo/.openclaw/workspace/memory/archive/2026-04-20.md and /Users/zhaozhiguo/.openclaw/workspace/memory/archive/2026-04-20.md are identical
mv: /Users/zhaozhiguo/.openclaw/workspace/memory/archive/2026-03-30.md and /Users/zhaozhiguo/.openclaw/workspace/memory/archive/2026-03-30.md are identical
mv: /Users/zhaozhiguo/.openclaw/workspace/memory/archive/2026-05-01.md and /Users/zhaozhiguo/.openclaw/workspace/memory/archive/2026-05-01.md are identical
mv: /Users/zhaozhiguo/.openclaw/workspace/memory/archive/2026-05-11.md and /Users/zhaozhiguo/.openclaw/workspace/memory/archive/2026-05-11.md are identical
mv: /Users/zhaozhiguo/.openclaw/workspace/memory/archive/2026-04-30-nightly.md and /Users/zhaozhiguo/.openclaw/workspace/memory/archive/2026-04-30-nightly.md are identical
mv: /Users/zhaozhiguo/.openclaw/workspace/memory/archive/2026-04-15-0215.md and /Users/zhaozhiguo/.openclaw/workspace/memory/archive/2026-04-15-0215.md are identical
mv: /Users/zhaozhiguo/.openclaw/workspace/memory/archive/2026-03-31-russian.md and /Users/zhaozhiguo/.openclaw/workspace/memory/archive/2026-03-31-russian.md are identical
mv: /Users/zhaozhiguo/.openclaw/workspace/memory/archive/2026-05-05.md and /Users/zhaozhiguo/.openclaw/workspace/memory/archive/2026-05-05.md are identical
mv: /Users/zhaozhiguo/.openclaw/workspace/memory/archive/2026-04-16-nightly.md and /Users/zhaozhiguo/.openclaw/workspace/memory/archive/2026-04-16-nightly.md are identical
mv: /Users/zhaozhiguo/.openclaw/workspace/memory/archive/2026-04-21-nightly.md and /Users/zhaozhiguo/.openclaw/workspace/memory/archive/2026-04-21-nightly.md are identical
mv: /Users/zhaozhiguo/.openclaw/workspace/memory/archive/2026-05-09-nightly.md and /Users/zhaozhiguo/.openclaw/workspace/memory/archive/2026-05-09-nightly.md are identical
mv: /Users/zhaozhiguo/.openclaw/workspace/memory/archive/2026-05-04.md and /Users/zhaozhiguo/.openclaw/workspace/memory/archive/2026-05-04.md are identical
mv: /Users/zhaozhiguo/.openclaw/workspace/memory/archive/2025-04-17-learning.md and /Users/zhaozhiguo/.openclaw/workspace/memory/archive/2025-04-17-learning.md are identical
mv: /Users/zhaozhiguo/.openclaw/workspace/memory/archive/2026-03-31.md and /Users/zhaozhiguo/.openclaw/workspace/memory/archive/2026-03-31.md are identical
mv: /Users/zhaozhiguo/.openclaw/workspace/memory/archive/2026-05-10.md and /Users/zhaozhiguo/.openclaw/workspace/memory/archive/2026-05-10.md are identical
mv: /Users/zhaozhiguo/.openclaw/workspace/memory/archive/2026-05-09-platform-switch.md and /Users/zhaozhiguo/.openclaw/workspace/memory/archive/2026-05-09-platform-switch.md are identical
mv: /Users/zhaozhiguo/.openclaw/workspace/memory/archive/2026-04-09.md and /Users/zhaozhiguo/.openclaw/workspace/memory/archive/2026-04-09.md are identical
mv: /Users/zhaozhiguo/.openclaw/workspace/memory/archive/2026-03-16-openclaw-control-ui.md and /Users/zhaozhiguo/.openclaw/workspace/memory/archive/2026-03-16-openclaw-control-ui.md are identical
mv: /Users/zhaozhiguo/.openclaw/workspace/memory/archive/2026-04-19.md and /Users/zhaozhiguo/.openclaw/workspace/memory/archive/2026-04-19.md are identical
mv: /Users/zhaozhiguo/.openclaw/workspace/memory/archive/2026-03-26.md and /Users/zhaozhiguo/.openclaw/workspace/memory/archive/2026-03-26.md are identical
mv: /Users/zhaozhiguo/.openclaw/workspace/memory/archive/2026-04-20-russian-culture.md and /Users/zhaozhiguo/.openclaw/workspace/memory/archive/2026-04-20-russian-culture.md are identical
mv: /Users/zhaozhiguo/.openclaw/workspace/memory/archive/2026-05-03.md and /Users/zhaozhiguo/.openclaw/workspace/memory/archive/2026-05-03.md are identical
mv: /Users/zhaozhiguo/.openclaw/workspace/memory/archive/2026-04-26-0117.md and /Users/zhaozhiguo/.openclaw/workspace/memory/archive/2026-04-26-0117.md are identical
mv: /Users/zhaozhiguo/.openclaw/workspace/memory/archive/2026-05-13.md and /Users/zhaozhiguo/.openclaw/workspace/memory/archive/2026-05-13.md are identical
mv: /Users/zhaozhiguo/.openclaw/workspace/memory/archive/2026-04-29.md and /Users/zhaozhiguo/.openclaw/workspace/memory/archive/2026-04-29.md are identical
mv: /Users/zhaozhiguo/.openclaw/workspace/memory/archive/2026-05-02.md and /Users/zhaozhiguo/.openclaw/workspace/memory/archive/2026-05-02.md are identical
mv: /Users/zhaozhiguo/.openclaw/workspace/memory/archive/2026-05-12.md and /Users/zhaozhiguo/.openclaw/workspace/memory/archive/2026-05-12.md are identical
mv: /Users/zhaozhiguo/.openclaw/workspace/memory/archive/2026-04-28.md and /Users/zhaozhiguo/.openclaw/workspace/memory/archive/2026-04-28.md are identical
mv: /Users/zhaozhiguo/.openclaw/workspace/memory/archive/2026-04-08.md and /Users/zhaozhiguo/.openclaw/workspace/memory/archive/2026-04-08.md are identical
mv: /Users/zhaozhiguo/.openclaw/workspace/memory/archive/2026-05-06.md and /Users/zhaozhiguo/.openclaw/workspace/memory/archive/2026-05-06.md are identical
mv: /Users/zhaozhiguo/.openclaw/workspace/memory/archive/2026-04-18.md and /Users/zhaozhiguo/.openclaw/workspace/memory/archive/2026-04-18.md are identical
mv: /Users/zhaozhiguo/.openclaw/workspace/memory/archive/2026-04-03.md and /Users/zhaozhiguo/.openclaw/workspace/memory/archive/2026-04-03.md are identical
mv: /Users/zhaozhiguo/.openclaw/workspace/memory/archive/2026-03-16-http-401-authentication-error-.md and /Users/zhaozhiguo/.openclaw/workspace/memory/archive/2026-03-16-http-401-authentication-error-.md are identical
mv: /Users/zhaozhiguo/.openclaw/workspace/memory/archive/2026-04-27.md and /Users/zhaozhiguo/.openclaw/workspace/memory/archive/2026-04-27.md are identical
mv: /Users/zhaozhiguo/.openclaw/workspace/memory/archive/2026-03-16-russian-language.md and /Users/zhaozhiguo/.openclaw/workspace/memory/archive/2026-03-16-russian-language.md are identical
mv: /Users/zhaozhiguo/.openclaw/workspace/memory/archive/2026-04-13.md and /Users/zhaozhiguo/.openclaw/workspace/memory/archive/2026-04-13.md are identical
mv: /Users/zhaozhiguo/.openclaw/workspace/memory/archive/2026-05-09.md and /Users/zhaozhiguo/.openclaw/workspace/memory/archive/2026-05-09.md are identical
mv: /Users/zhaozhiguo/.openclaw/workspace/memory/archive/2026-04-07.md and /Users/zhaozhiguo/.openclaw/workspace/memory/archive/2026-04-07.md are identical
mv: /Users/zhaozhiguo/.openclaw/workspace/memory/archive/2026-03-28.md and /Users/zhaozhiguo/.openclaw/workspace/memory/archive/2026-03-28.md are identical
mv: /Users/zhaozhiguo/.openclaw/workspace/memory/archive/2026-03-17-russia-child-travel.md and /Users/zhaozhiguo/.openclaw/workspace/memory/archive/2026-03-17-russia-child-travel.md are identical
mv: /Users/zhaozhiguo/.openclaw/workspace/memory/archive/2026-04-17.md and /Users/zhaozhiguo/.openclaw/workspace/memory/archive/2026-04-17.md are identical
mv: /Users/zhaozhiguo/.openclaw/workspace/memory/archive/2026-04-23.md and /Users/zhaozhiguo/.openclaw/workspace/memory/archive/2026-04-23.md are identical
mv: /Users/zhaozhiguo/.openclaw/workspace/memory/archive/2026-04-06.md and /Users/zhaozhiguo/.openclaw/workspace/memory/archive/2026-04-06.md are identical
mv: /Users/zhaozhiguo/.openclaw/workspace/memory/archive/2026-04-13-russian.md and /Users/zhaozhiguo/.openclaw/workspace/memory/archive/2026-04-13-russian.md are identical
mv: /Users/zhaozhiguo/.openclaw/workspace/memory/archive/2026-03-29.md and /Users/zhaozhiguo/.openclaw/workspace/memory/archive/2026-03-29.md are identical
mv: /Users/zhaozhiguo/.openclaw/workspace/memory/archive/2026-04-16.md and /Users/zhaozhiguo/.openclaw/workspace/memory/archive/2026-04-16.md are identical
mv: /Users/zhaozhiguo/.openclaw/workspace/memory/archive/2026-04-22.md and /Users/zhaozhiguo/.openclaw/workspace/memory/archive/2026-04-22.md are identical
mv: /Users/zhaozhiguo/.openclaw/workspace/memory/archive/2026-04-02.md and /Users/zhaozhiguo/.openclaw/workspace/memory/archive/2026-04-02.md are identical
mv: /Users/zhaozhiguo/.openclaw/workspace/memory/archive/2026-04-20-nightly.md and /Users/zhaozhiguo/.openclaw/workspace/memory/archive/2026-04-20-nightly.md are identical
mv: /Users/zhaozhiguo/.openclaw/workspace/memory/archive/2026-04-16-russian-study.md and /Users/zhaozhiguo/.openclaw/workspace/memory/archive/2026-04-16-russian-study.md are identical
mv: /Users/zhaozhiguo/.openclaw/workspace/memory/archive/2026-04-26.md and /Users/zhaozhiguo/.openclaw/workspace/memory/archive/2026-04-26.md are identical
mv: /Users/zhaozhiguo/.openclaw/workspace/memory/archive/2026-04-12.md and /Users/zhaozhiguo/.openclaw/workspace/memory/archive/2026-04-12.md are identical
mv: /Users/zhaozhiguo/.openclaw/workspace/memory/archive/2026-04-05.md and /Users/zhaozhiguo/.openclaw/workspace/memory/archive/2026-04-05.md are identical
mv: /Users/zhaozhiguo/.openclaw/workspace/memory/archive/2026-04-14-1137.md and /Users/zhaozhiguo/.openclaw/workspace/memory/archive/2026-04-14-1137.md are identical
mv: /Users/zhaozhiguo/.openclaw/workspace/memory/archive/2026-03-17-russian-version.md and /Users/zhaozhiguo/.openclaw/workspace/memory/archive/2026-03-17-russian-version.md are identical
mv: /Users/zhaozhiguo/.openclaw/workspace/memory/archive/2026-04-15.md and /Users/zhaozhiguo/.openclaw/workspace/memory/archive/2026-04-15.md are identical
mv: /Users/zhaozhiguo/.openclaw/workspace/memory/archive/2026-04-21.md and /Users/zhaozhiguo/.openclaw/workspace/memory/archive/2026-04-21.md are identical
mv: /Users/zhaozhiguo/.openclaw/workspace/memory/archive/2026-03-16-vendor-inquiry.md and /Users/zhaozhiguo/.openclaw/workspace/memory/archive/2026-03-16-vendor-inquiry.md are identical
mv: /Users/zhaozhiguo/.openclaw/workspace/memory/archive/2026-04-01.md and /Users/zhaozhiguo/.openclaw/workspace/memory/archive/2026-04-01.md are identical
mv: /Users/zhaozhiguo/.openclaw/workspace/memory/archive/2026-04-11.md and /Users/zhaozhiguo/.openclaw/workspace/memory/archive/2026-04-11.md are identical
mv: /Users/zhaozhiguo/.openclaw/workspace/memory/archive/2026-04-24.md and /Users/zhaozhiguo/.openclaw/workspace/memory/archive/2026-04-24.md are identical
mv: /Users/zhaozhiguo/.openclaw/workspace/memory/archive/2026-04-10.md and /Users/zhaozhiguo/.openclaw/workspace/memory/archive/2026-04-10.md are identical
mv: /Users/zhaozhiguo/.openclaw/workspace/memory/archive/2026-04-30.md and /Users/zhaozhiguo/.openclaw/workspace/memory/archive/2026-04-30.md are identical
mv: /Users/zhaozhiguo/.openclaw/workspace/memory/archive/2026-04-04.md and /Users/zhaozhiguo/.openclaw/workspace/memory/archive/2026-04-04.md are identical
mv: /Users/zhaozhiguo/.openclaw/workspace/memory/archive/2026-04-16-china-russia-exchange.md and /Users/zhaozhiguo/.openclaw/workspace/memory/archive/2026-04-16-china-russia-exchange.md are identical
mv: /Users/zhaozhiguo/.openclaw/workspace/memory/archive/2026-04-14.md and /Users/zhaozhiguo/.openclaw/workspace/memory/archive/2026-04-14.md are identical
mv: /Users/zhaozhiguo/.openclaw/workspace/memory/archive/2026-04-15-russian.md and /Users/zhaozhiguo/.openclaw/workspace/memory/archive/2026-04-15-russian.md are identical
mv: /Users/zhaozhiguo/.openclaw/workspace/memory/archive/2026-04-20.md and /Users/zhaozhiguo/.openclaw/workspace/memory/archive/2026-04-20.md are identical
mv: /Users/zhaozhiguo/.openclaw/workspace/memory/archive/2026-03-30.md and /Users/zhaozhiguo/.openclaw/workspace/memory/archive/2026-03-30.md are identical
mv: /Users/zhaozhiguo/.openclaw/workspace/memory/archive/2026-05-01.md and /Users/zhaozhiguo/.openclaw/workspace/memory/archive/2026-05-01.md are identical
mv: /Users/zhaozhiguo/.openclaw/workspace/memory/archive/2026-05-11.md and /Users/zhaozhiguo/.openclaw/workspace/memory/archive/2026-05-11.md are identical
mv: /Users/zhaozhiguo/.openclaw/workspace/memory/archive/2026-04-30-nightly.md and /Users/zhaozhiguo/.openclaw/workspace/memory/archive/2026-04-30-nightly.md are identical
mv: /Users/zhaozhiguo/.openclaw/workspace/memory/archive/2026-04-15-0215.md and /Users/zhaozhiguo/.openclaw/workspace/memory/archive/2026-04-15-0215.md are identical
mv: /Users/zhaozhiguo/.openclaw/workspace/memory/archive/2026-03-31-russian.md and /Users/zhaozhiguo/.openclaw/workspace/memory/archive/2026-03-31-russian.md are identical
mv: /Users/zhaozhiguo/.openclaw/workspace/memory/archive/2026-05-05.md and /Users/zhaozhiguo/.openclaw/workspace/memory/archive/2026-05-05.md are identical
mv: /Users/zhaozhiguo/.openclaw/workspace/memory/archive/2026-04-16-nightly.md and /Users/zhaozhiguo/.openclaw/workspace/memory/archive/2026-04-16-nightly.md are identical
mv: /Users/zhaozhiguo/.openclaw/workspace/memory/archive/2026-04-21-nightly.md and /Users/zhaozhiguo/.openclaw/workspace/memory/archive/2026-04-21-nightly.md are identical
mv: /Users/zhaozhiguo/.openclaw/workspace/memory/archive/2026-05-09-nightly.md and /Users/zhaozhiguo/.openclaw/workspace/memory/archive/2026-05-09-nightly.md are identical
mv: /Users/zhaozhiguo/.openclaw/workspace/memory/archive/2026-05-04.md and /Users/zhaozhiguo/.openclaw/workspace/memory/archive/2026-05-04.md are identical
mv: /Users/zhaozhiguo/.openclaw/workspace/memory/archive/2025-04-17-learning.md and /Users/zhaozhiguo/.openclaw/workspace/memory/archive/2025-04-17-learning.md are identical
mv: /Users/zhaozhiguo/.openclaw/workspace/memory/archive/2026-05-14.md and /Users/zhaozhiguo/.openclaw/workspace/memory/archive/2026-05-14.md are identical
mv: /Users/zhaozhiguo/.openclaw/workspace/memory/archive/2026-03-31.md and /Users/zhaozhiguo/.openclaw/workspace/memory/archive/2026-03-31.md are identical
mv: /Users/zhaozhiguo/.openclaw/workspace/memory/archive/2026-05-10.md and /Users/zhaozhiguo/.openclaw/workspace/memory/archive/2026-05-10.md are identical
mv: /Users/zhaozhiguo/.openclaw/workspace/memory/archive/2026-05-09-platform-switch.md and /Users/zhaozhiguo/.openclaw/workspace/memory/archive/2026-05-09-platform-switch.md are identical
mv: /Users/zhaozhiguo/.openclaw/workspace/memory/archive/2026-04-09.md and /Users/zhaozhiguo/.openclaw/workspace/memory/archive/2026-04-09.md are identical
mv: /Users/zhaozhiguo/.openclaw/workspace/memory/archive/2026-03-16-openclaw-control-ui.md and /Users/zhaozhiguo/.openclaw/workspace/memory/archive/2026-03-16-openclaw-control-ui.md are identical
mv: /Users/zhaozhiguo/.openclaw/workspace/memory/archive/2026-04-19.md and /Users/zhaozhiguo/.openclaw/workspace/memory/archive/2026-04-19.md are identical
mv: /Users/zhaozhiguo/.openclaw/workspace/memory/archive/2026-03-26.md and /Users/zhaozhiguo/.openclaw/workspace/memory/archive/2026-03-26.md are identical
mv: /Users/zhaozhiguo/.openclaw/workspace/memory/archive/2026-04-20-russian-culture.md and /Users/zhaozhiguo/.openclaw/workspace/memory/archive/2026-04-20-russian-culture.md are identical
mv: /Users/zhaozhiguo/.openclaw/workspace/memory/archive/2026-05-03.md and /Users/zhaozhiguo/.openclaw/workspace/memory/archive/2026-05-03.md are identical
mv: /Users/zhaozhiguo/.openclaw/workspace/memory/archive/2026-04-26-0117.md and /Users/zhaozhiguo/.openclaw/workspace/memory/archive/2026-04-26-0117.md are identical
mv: /Users/zhaozhiguo/.openclaw/workspace/memory/archive/2026-05-13.md and /Users/zhaozhiguo/.openclaw/workspace/memory/archive/2026-05-13.md are identical
mv: /Users/zhaozhiguo/.openclaw/workspace/memory/archive/2026-04-29.md and /Users/zhaozhiguo/.openclaw/workspace/memory/archive/2026-04-29.md are identical
mv: /Users/zhaozhiguo/.openclaw/workspace/memory/archive/2026-05-02.md and /Users/zhaozhiguo/.openclaw/workspace/memory/archive/2026-05-02.md are identical
mv: /Users/zhaozhiguo/.openclaw/workspace/memory/archive/2026-05-12.md and /Users/zhaozhiguo/.openclaw/workspace/memory/archive/2026-05-12.md are identical
mv: /Users/zhaozhiguo/.openclaw/workspace/memory/archive/2026-04-28.md and /Users/zhaozhiguo/.openclaw/workspace/memory/archive/2026-04-28.md are identical
mv: /Users/zhaozhiguo/.openclaw/workspace/memory/archive/2026-04-08.md and /Users/zhaozhiguo/.openclaw/workspace/memory/archive/2026-04-08.md are identical
mv: /Users/zhaozhiguo/.openclaw/workspace/memory/archive/2026-05-06.md and /Users/zhaozhiguo/.openclaw/workspace/memory/archive/2026-05-06.md are identical
mv: /Users/zhaozhiguo/.openclaw/workspace/memory/archive/2026-04-18.md and /Users/zhaozhiguo/.openclaw/workspace/memory/archive/2026-04-18.md are identical
mv: /Users/zhaozhiguo/.openclaw/workspace/memory/archive/2026-04-03.md and /Users/zhaozhiguo/.openclaw/workspace/memory/archive/2026-04-03.md are identical
mv: /Users/zhaozhiguo/.openclaw/workspace/memory/archive/2026-03-16-http-401-authentication-error-.md and /Users/zhaozhiguo/.openclaw/workspace/memory/archive/2026-03-16-http-401-authentication-error-.md are identical
mv: /Users/zhaozhiguo/.openclaw/workspace/memory/archive/2026-04-27.md and /Users/zhaozhiguo/.openclaw/workspace/memory/archive/2026-04-27.md are identical
mv: /Users/zhaozhiguo/.openclaw/workspace/memory/archive/2026-03-16-russian-language.md and /Users/zhaozhiguo/.openclaw/workspace/memory/archive/2026-03-16-russian-language.md are identical
mv: /Users/zhaozhiguo/.openclaw/workspace/memory/archive/2026-04-13.md and /Users/zhaozhiguo/.openclaw/workspace/memory/archive/2026-04-13.md are identical
mv: /Users/zhaozhiguo/.openclaw/workspace/memory/archive/2026-05-09.md and /Users/zhaozhiguo/.openclaw/workspace/memory/archive/2026-05-09.md are identical
mv: /Users/zhaozhiguo/.openclaw/workspace/memory/archive/2026-04-07.md and /Users/zhaozhiguo/.openclaw/workspace/memory/archive/2026-04-07.md are identical
mv: /Users/zhaozhiguo/.openclaw/workspace/memory/archive/2026-03-28.md and /Users/zhaozhiguo/.openclaw/workspace/memory/archive/2026-03-28.md are identical
mv: /Users/zhaozhiguo/.openclaw/workspace/memory/archive/2026-03-17-russia-child-travel.md and /Users/zhaozhiguo/.openclaw/workspace/memory/archive/2026-03-17-russia-child-travel.md are identical
mv: /Users/zhaozhiguo/.openclaw/workspace/memory/archive/2026-04-17.md and /Users/zhaozhiguo/.openclaw/workspace/memory/archive/2026-04-17.md are identical
mv: /Users/zhaozhiguo/.openclaw/workspace/memory/archive/2026-04-23.md and /Users/zhaozhiguo/.openclaw/workspace/memory/archive/2026-04-23.md are identical
mv: /Users/zhaozhiguo/.openclaw/workspace/memory/archive/2026-04-06.md and /Users/zhaozhiguo/.openclaw/workspace/memory/archive/2026-04-06.md are identical
mv: /Users/zhaozhiguo/.openclaw/workspace/memory/archive/2026-04-13-russian.md and /Users/zhaozhiguo/.openclaw/workspace/memory/archive/2026-04-13-russian.md are identical
mv: /Users/zhaozhiguo/.openclaw/workspace/memory/archive/2026-03-29.md and /Users/zhaozhiguo/.openclaw/workspace/memory/archive/2026-03-29.md are identical
mv: /Users/zhaozhiguo/.openclaw/workspace/memory/archive/2026-04-16.md and /Users/zhaozhiguo/.openclaw/workspace/memory/archive/2026-04-16.md are identical
mv: /Users/zhaozhiguo/.openclaw/workspace/memory/archive/2026-04-22.md and /Users/zhaozhiguo/.openclaw/workspace/memory/archive/2026-04-22.md are identical
mv: /Users/zhaozhiguo/.openclaw/workspace/memory/archive/2026-04-02.md and /Users/zhaozhiguo/.openclaw/workspace/memory/archive/2026-04-02.md are identical
mv: /Users/zhaozhiguo/.openclaw/workspace/memory/archive/2026-04-20-nightly.md and /Users/zhaozhiguo/.openclaw/workspace/memory/archive/2026-04-20-nightly.md are identical
mv: /Users/zhaozhiguo/.openclaw/workspace/memory/archive/2026-04-16-russian-study.md and /Users/zhaozhiguo/.openclaw/workspace/memory/archive/2026-04-16-russian-study.md are identical
mv: /Users/zhaozhiguo/.openclaw/workspace/memory/archive/2026-04-26.md and /Users/zhaozhiguo/.openclaw/workspace/memory/archive/2026-04-26.md are identical
mv: /Users/zhaozhiguo/.openclaw/workspace/memory/archive/2026-04-12.md and /Users/zhaozhiguo/.openclaw/workspace/memory/archive/2026-04-12.md are identical
mv: /Users/zhaozhiguo/.openclaw/workspace/memory/archive/2026-04-05.md and /Users/zhaozhiguo/.openclaw/workspace/memory/archive/2026-04-05.md are identical
mv: /Users/zhaozhiguo/.openclaw/workspace/memory/archive/2026-04-14-1137.md and /Users/zhaozhiguo/.openclaw/workspace/memory/archive/2026-04-14-1137.md are identical
mv: /Users/zhaozhiguo/.openclaw/workspace/memory/archive/2026-03-17-russian-version.md and /Users/zhaozhiguo/.openclaw/workspace/memory/archive/2026-03-17-russian-version.md are identical
mv: /Users/zhaozhiguo/.openclaw/workspace/memory/archive/2026-04-15.md and /Users/zhaozhiguo/.openclaw/workspace/memory/archive/2026-04-15.md are identical
mv: /Users/zhaozhiguo/.openclaw/workspace/memory/archive/2026-04-21.md and /Users/zhaozhiguo/.openclaw/workspace/memory/archive/2026-04-21.md are identical
mv: /Users/zhaozhiguo/.openclaw/workspace/memory/archive/2026-03-16-vendor-inquiry.md and /Users/zhaozhiguo/.openclaw/workspace/memory/archive/2026-03-16-vendor-inquiry.md are identical
mv: /Users/zhaozhiguo/.openclaw/workspace/memory/archive/2026-04-01.md and /Users/zhaozhiguo/.openclaw/workspace/memory/archive/2026-04-01.md are identical
mv: /Users/zhaozhiguo/.openclaw/workspace/memory/archive/2026-04-11.md and /Users/zhaozhiguo/.openclaw/workspace/memory/archive/2026-04-11.md are identical
mv: /Users/zhaozhiguo/.openclaw/workspace/memory/archive/2026-04-24.md and /Users/zhaozhiguo/.openclaw/workspace/memory/archive/2026-04-24.md are identical
mv: /Users/zhaozhiguo/.openclaw/workspace/memory/archive/2026-04-10.md and /Users/zhaozhiguo/.openclaw/workspace/memory/archive/2026-04-10.md are identical
mv: /Users/zhaozhiguo/.openclaw/workspace/memory/archive/2026-04-30.md and /Users/zhaozhiguo/.openclaw/workspace/memory/archive/2026-04-30.md are identical
mv: /Users/zhaozhiguo/.openclaw/workspace/memory/archive/2026-04-04.md and /Users/zhaozhiguo/.openclaw/workspace/memory/archive/2026-04-04.md are identical
mv: /Users/zhaozhiguo/.openclaw/workspace/memory/archive/2026-04-16-china-russia-exchange.md and /Users/zhaozhiguo/.openclaw/workspace/memory/archive/2026-04-16-china-russia-exchange.md are identical
mv: /Users/zhaozhiguo/.openclaw/workspace/memory/archive/2026-04-14.md and /Users/zhaozhiguo/.openclaw/workspace/memory/archive/2026-04-14.md are identical
mv: /Users/zhaozhiguo/.openclaw/workspace/memory/archive/2026-04-15-russian.md and /Users/zhaozhiguo/.openclaw/workspace/memory/archive/2026-04-15-russian.md are identical
mv: /Users/zhaozhiguo/.openclaw/workspace/memory/archive/2026-04-20.md and /Users/zhaozhiguo/.openclaw/workspace/memory/archive/2026-04-20.md are identical
mv: /Users/zhaozhiguo/.openclaw/workspace/memory/archive/2026-03-30.md and /Users/zhaozhiguo/.openclaw/workspace/memory/archive/2026-03-30.md are identical
mv: /Users/zhaozhiguo/.openclaw/workspace/memory/archive/2026-05-01.md and /Users/zhaozhiguo/.openclaw/workspace/memory/archive/2026-05-01.md are identical
mv: /Users/zhaozhiguo/.openclaw/workspace/memory/archive/2026-05-11.md and /Users/zhaozhiguo/.openclaw/workspace/memory/archive/2026-05-11.md are identical
mv: /Users/zhaozhiguo/.openclaw/workspace/memory/archive/2026-04-30-nightly.md and /Users/zhaozhiguo/.openclaw/workspace/memory/archive/2026-04-30-nightly.md are identical
mv: /Users/zhaozhiguo/.openclaw/workspace/memory/archive/2026-04-15-0215.md and /Users/zhaozhiguo/.openclaw/workspace/memory/archive/2026-04-15-0215.md are identical
mv: /Users/zhaozhiguo/.openclaw/workspace/memory/archive/2026-03-31-russian.md and /Users/zhaozhiguo/.openclaw/workspace/memory/archive/2026-03-31-russian.md are identical
mv: /Users/zhaozhiguo/.openclaw/workspace/memory/archive/2026-05-05.md and /Users/zhaozhiguo/.openclaw/workspace/memory/archive/2026-05-05.md are identical
mv: /Users/zhaozhiguo/.openclaw/workspace/memory/archive/2026-04-16-nightly.md and /Users/zhaozhiguo/.openclaw/workspace/memory/archive/2026-04-16-nightly.md are identical
mv: /Users/zhaozhiguo/.openclaw/workspace/memory/archive/2026-04-21-nightly.md and /Users/zhaozhiguo/.openclaw/workspace/memory/archive/2026-04-21-nightly.md are identical
mv: /Users/zhaozhiguo/.openclaw/workspace/memory/archive/2026-05-15.md and /Users/zhaozhiguo/.openclaw/workspace/memory/archive/2026-05-15.md are identical
mv: /Users/zhaozhiguo/.openclaw/workspace/memory/archive/2026-05-09-nightly.md and /Users/zhaozhiguo/.openclaw/workspace/memory/archive/2026-05-09-nightly.md are identical
mv: /Users/zhaozhiguo/.openclaw/workspace/memory/archive/2026-05-04.md and /Users/zhaozhiguo/.openclaw/workspace/memory/archive/2026-05-04.md are identical
mv: /Users/zhaozhiguo/.openclaw/workspace/memory/archive/2025-04-17-learning.md and /Users/zhaozhiguo/.openclaw/workspace/memory/archive/2025-04-17-learning.md are identical
mv: /Users/zhaozhiguo/.openclaw/workspace/memory/archive/2026-05-14.md and /Users/zhaozhiguo/.openclaw/workspace/memory/archive/2026-05-14.md are identical
mv: /Users/zhaozhiguo/.openclaw/workspace/memory/archive/2026-03-31.md and /Users/zhaozhiguo/.openclaw/workspace/memory/archive/2026-03-31.md are identical
mv: /Users/zhaozhiguo/.openclaw/workspace/memory/archive/2026-05-10.md and /Users/zhaozhiguo/.openclaw/workspace/memory/archive/2026-05-10.md are identical
mv: /Users/zhaozhiguo/.openclaw/workspace/memory/archive/2026-05-09-platform-switch.md and /Users/zhaozhiguo/.openclaw/workspace/memory/archive/2026-05-09-platform-switch.md are identical
mv: /Users/zhaozhiguo/.openclaw/workspace/memory/archive/2026-04-09.md and /Users/zhaozhiguo/.openclaw/workspace/memory/archive/2026-04-09.md are identical
mv: /Users/zhaozhiguo/.openclaw/workspace/memory/archive/2026-03-16-openclaw-control-ui.md and /Users/zhaozhiguo/.openclaw/workspace/memory/archive/2026-03-16-openclaw-control-ui.md are identical
mv: /Users/zhaozhiguo/.openclaw/workspace/memory/archive/2026-04-19.md and /Users/zhaozhiguo/.openclaw/workspace/memory/archive/2026-04-19.md are identical
mv: /Users/zhaozhiguo/.openclaw/workspace/memory/archive/2026-03-26.md and /Users/zhaozhiguo/.openclaw/workspace/memory/archive/2026-03-26.md are identical
mv: /Users/zhaozhiguo/.openclaw/workspace/memory/archive/2026-04-20-russian-culture.md and /Users/zhaozhiguo/.openclaw/workspace/memory/archive/2026-04-20-russian-culture.md are identical
mv: /Users/zhaozhiguo/.openclaw/workspace/memory/archive/2026-05-03.md and /Users/zhaozhiguo/.openclaw/workspace/memory/archive/2026-05-03.md are identical
mv: /Users/zhaozhiguo/.openclaw/workspace/memory/archive/2026-04-26-0117.md and /Users/zhaozhiguo/.openclaw/workspace/memory/archive/2026-04-26-0117.md are identical
mv: /Users/zhaozhiguo/.openclaw/workspace/memory/archive/2026-05-13.md and /Users/zhaozhiguo/.openclaw/workspace/memory/archive/2026-05-13.md are identical
mv: /Users/zhaozhiguo/.openclaw/workspace/memory/archive/2026-04-29.md and /Users/zhaozhiguo/.openclaw/workspace/memory/archive/2026-04-29.md are identical
mv: /Users/zhaozhiguo/.openclaw/workspace/memory/archive/2026-05-02.md and /Users/zhaozhiguo/.openclaw/workspace/memory/archive/2026-05-02.md are identical
mv: /Users/zhaozhiguo/.openclaw/workspace/memory/archive/2026-05-12.md and /Users/zhaozhiguo/.openclaw/workspace/memory/archive/2026-05-12.md are identical
mv: /Users/zhaozhiguo/.openclaw/workspace/memory/archive/2026-04-28.md and /Users/zhaozhiguo/.openclaw/workspace/memory/archive/2026-04-28.md are identical
mv: /Users/zhaozhiguo/.openclaw/workspace/memory/archive/2026-04-08.md and /Users/zhaozhiguo/.openclaw/workspace/memory/archive/2026-04-08.md are identical
mv: /Users/zhaozhiguo/.openclaw/workspace/memory/archive/2026-05-06.md and /Users/zhaozhiguo/.openclaw/workspace/memory/archive/2026-05-06.md are identical
mv: /Users/zhaozhiguo/.openclaw/workspace/memory/archive/2026-04-18.md and /Users/zhaozhiguo/.openclaw/workspace/memory/archive/2026-04-18.md are identical
mv: /Users/zhaozhiguo/.openclaw/workspace/memory/archive/2026-04-03.md and /Users/zhaozhiguo/.openclaw/workspace/memory/archive/2026-04-03.md are identical
mv: /Users/zhaozhiguo/.openclaw/workspace/memory/archive/2026-03-16-http-401-authentication-error-.md and /Users/zhaozhiguo/.openclaw/workspace/memory/archive/2026-03-16-http-401-authentication-error-.md are identical
mv: /Users/zhaozhiguo/.openclaw/workspace/memory/archive/2026-04-27.md and /Users/zhaozhiguo/.openclaw/workspace/memory/archive/2026-04-27.md are identical
mv: /Users/zhaozhiguo/.openclaw/workspace/memory/archive/2026-03-16-russian-language.md and /Users/zhaozhiguo/.openclaw/workspace/memory/archive/2026-03-16-russian-language.md are identical
mv: /Users/zhaozhiguo/.openclaw/workspace/memory/archive/2026-04-13.md and /Users/zhaozhiguo/.openclaw/workspace/memory/archive/2026-04-13.md are identical
mv: /Users/zhaozhiguo/.openclaw/workspace/memory/archive/2026-05-09.md and /Users/zhaozhiguo/.openclaw/workspace/memory/archive/2026-05-09.md are identical
mv: /Users/zhaozhiguo/.openclaw/workspace/memory/archive/2026-04-07.md and /Users/zhaozhiguo/.openclaw/workspace/memory/archive/2026-04-07.md are identical
mv: /Users/zhaozhiguo/.openclaw/workspace/memory/archive/2026-03-28.md and /Users/zhaozhiguo/.openclaw/workspace/memory/archive/2026-03-28.md are identical
mv: /Users/zhaozhiguo/.openclaw/workspace/memory/archive/2026-03-17-russia-child-travel.md and /Users/zhaozhiguo/.openclaw/workspace/memory/archive/2026-03-17-russia-child-travel.md are identical
mv: /Users/zhaozhiguo/.openclaw/workspace/memory/archive/2026-04-17.md and /Users/zhaozhiguo/.openclaw/workspace/memory/archive/2026-04-17.md are identical
mv: /Users/zhaozhiguo/.openclaw/workspace/memory/archive/2026-04-23.md and /Users/zhaozhiguo/.openclaw/workspace/memory/archive/2026-04-23.md are identical
mv: /Users/zhaozhiguo/.openclaw/workspace/memory/archive/2026-04-06.md and /Users/zhaozhiguo/.openclaw/workspace/memory/archive/2026-04-06.md are identical
mv: /Users/zhaozhiguo/.openclaw/workspace/memory/archive/2026-04-13-russian.md and /Users/zhaozhiguo/.openclaw/workspace/memory/archive/2026-04-13-russian.md are identical
mv: /Users/zhaozhiguo/.openclaw/workspace/memory/archive/2026-03-29.md and /Users/zhaozhiguo/.openclaw/workspace/memory/archive/2026-03-29.md are identical
mv: /Users/zhaozhiguo/.openclaw/workspace/memory/archive/2026-04-16.md and /Users/zhaozhiguo/.openclaw/workspace/memory/archive/2026-04-16.md are identical
mv: /Users/zhaozhiguo/.openclaw/workspace/memory/archive/2026-04-22.md and /Users/zhaozhiguo/.openclaw/workspace/memory/archive/2026-04-22.md are identical
mv: /Users/zhaozhiguo/.openclaw/workspace/memory/archive/2026-04-02.md and /Users/zhaozhiguo/.openclaw/workspace/memory/archive/2026-04-02.md are identical
mv: /Users/zhaozhiguo/.openclaw/workspace/memory/archive/2026-04-20-nightly.md and /Users/zhaozhiguo/.openclaw/workspace/memory/archive/2026-04-20-nightly.md are identical
mv: /Users/zhaozhiguo/.openclaw/workspace/memory/archive/2026-04-16-russian-study.md and /Users/zhaozhiguo/.openclaw/workspace/memory/archive/2026-04-16-russian-study.md are identical
mv: /Users/zhaozhiguo/.openclaw/workspace/memory/archive/2026-04-26.md and /Users/zhaozhiguo/.openclaw/workspace/memory/archive/2026-04-26.md are identical
mv: /Users/zhaozhiguo/.openclaw/workspace/memory/archive/2026-04-12.md and /Users/zhaozhiguo/.openclaw/workspace/memory/archive/2026-04-12.md are identical
mv: /Users/zhaozhiguo/.openclaw/workspace/memory/archive/2026-04-05.md and /Users/zhaozhiguo/.openclaw/workspace/memory/archive/2026-04-05.md are identical
mv: /Users/zhaozhiguo/.openclaw/workspace/memory/archive/2026-04-14-1137.md and /Users/zhaozhiguo/.openclaw/workspace/memory/archive/2026-04-14-1137.md are identical
mv: /Users/zhaozhiguo/.openclaw/workspace/memory/archive/2026-03-17-russian-version.md and /Users/zhaozhiguo/.openclaw/workspace/memory/archive/2026-03-17-russian-version.md are identical
mv: /Users/zhaozhiguo/.openclaw/workspace/memory/archive/2026-04-15.md and /Users/zhaozhiguo/.openclaw/workspace/memory/archive/2026-04-15.md are identical
mv: /Users/zhaozhiguo/.openclaw/workspace/memory/archive/2026-04-21.md and /Users/zhaozhiguo/.openclaw/workspace/memory/archive/2026-04-21.md are identical
mv: /Users/zhaozhiguo/.openclaw/workspace/memory/archive/2026-03-16-vendor-inquiry.md and /Users/zhaozhiguo/.openclaw/workspace/memory/archive/2026-03-16-vendor-inquiry.md are identical
mv: /Users/zhaozhiguo/.openclaw/workspace/memory/archive/2026-04-01.md and /Users/zhaozhiguo/.openclaw/workspace/memory/archive/2026-04-01.md are identical
mv: /Users/zhaozhiguo/.openclaw/workspace/memory/archive/2026-04-11.md and /Users/zhaozhiguo/.openclaw/workspace/memory/archive/2026-04-11.md are identical
mv: /Users/zhaozhiguo/.openclaw/workspace/memory/archive/2026-04-24.md and /Users/zhaozhiguo/.openclaw/workspace/memory/archive/2026-04-24.md are identical
mv: /Users/zhaozhiguo/.openclaw/workspace/memory/archive/2026-04-10.md and /Users/zhaozhiguo/.openclaw/workspace/memory/archive/2026-04-10.md are identical
mv: /Users/zhaozhiguo/.openclaw/workspace/memory/archive/2026-04-30.md and /Users/zhaozhiguo/.openclaw/workspace/memory/archive/2026-04-30.md are identical
mv: /Users/zhaozhiguo/.openclaw/workspace/memory/archive/2026-04-04.md and /Users/zhaozhiguo/.openclaw/workspace/memory/archive/2026-04-04.md are identical
mv: /Users/zhaozhiguo/.openclaw/workspace/memory/archive/2026-04-16-china-russia-exchange.md and /Users/zhaozhiguo/.openclaw/workspace/memory/archive/2026-04-16-china-russia-exchange.md are identical
mv: /Users/zhaozhiguo/.openclaw/workspace/memory/archive/2026-04-14.md and /Users/zhaozhiguo/.openclaw/workspace/memory/archive/2026-04-14.md are identical
mv: /Users/zhaozhiguo/.openclaw/workspace/memory/archive/2026-04-15-russian.md and /Users/zhaozhiguo/.openclaw/workspace/memory/archive/2026-04-15-russian.md are identical
mv: /Users/zhaozhiguo/.openclaw/workspace/memory/archive/2026-04-20.md and /Users/zhaozhiguo/.openclaw/workspace/memory/archive/2026-04-20.md are identical
mv: /Users/zhaozhiguo/.openclaw/workspace/memory/archive/2026-03-30.md and /Users/zhaozhiguo/.openclaw/workspace/memory/archive/2026-03-30.md are identical
mv: /Users/zhaozhiguo/.openclaw/workspace/memory/archive/2026-05-01.md and /Users/zhaozhiguo/.openclaw/workspace/memory/archive/2026-05-01.md are identical
mv: /Users/zhaozhiguo/.openclaw/workspace/memory/archive/2026-05-11.md and /Users/zhaozhiguo/.openclaw/workspace/memory/archive/2026-05-11.md are identical
mv: /Users/zhaozhiguo/.openclaw/workspace/memory/archive/2026-04-30-nightly.md and /Users/zhaozhiguo/.openclaw/workspace/memory/archive/2026-04-30-nightly.md are identical
mv: /Users/zhaozhiguo/.openclaw/workspace/memory/archive/2026-04-15-0215.md and /Users/zhaozhiguo/.openclaw/workspace/memory/archive/2026-04-15-0215.md are identical
mv: /Users/zhaozhiguo/.openclaw/workspace/memory/archive/2026-03-31-russian.md and /Users/zhaozhiguo/.openclaw/workspace/memory/archive/2026-03-31-russian.md are identical
mv: /Users/zhaozhiguo/.openclaw/workspace/memory/archive/2026-05-05.md and /Users/zhaozhiguo/.openclaw/workspace/memory/archive/2026-05-05.md are identical
mv: /Users/zhaozhiguo/.openclaw/workspace/memory/archive/2026-04-16-nightly.md and /Users/zhaozhiguo/.openclaw/workspace/memory/archive/2026-04-16-nightly.md are identical
mv: /Users/zhaozhiguo/.openclaw/workspace/memory/archive/2026-04-21-nightly.md and /Users/zhaozhiguo/.openclaw/workspace/memory/archive/2026-04-21-nightly.md are identical
mv: /Users/zhaozhiguo/.openclaw/workspace/memory/archive/2026-05-15.md and /Users/zhaozhiguo/.openclaw/workspace/memory/archive/2026-05-15.md are identical
mv: /Users/zhaozhiguo/.openclaw/workspace/memory/archive/2026-05-09-nightly.md and /Users/zhaozhiguo/.openclaw/workspace/memory/archive/2026-05-09-nightly.md are identical
mv: /Users/zhaozhiguo/.openclaw/workspace/memory/archive/2026-05-04.md and /Users/zhaozhiguo/.openclaw/workspace/memory/archive/2026-05-04.md are identical
mv: /Users/zhaozhiguo/.openclaw/workspace/memory/archive/2025-04-17-learning.md and /Users/zhaozhiguo/.openclaw/workspace/memory/archive/2025-04-17-learning.md are identical
mv: /Users/zhaozhiguo/.openclaw/workspace/memory/archive/2026-05-14.md and /Users/zhaozhiguo/.openclaw/workspace/memory/archive/2026-05-14.md are identical
mv: /Users/zhaozhiguo/.openclaw/workspace/memory/archive/2026-03-31.md and /Users/zhaozhiguo/.openclaw/workspace/memory/archive/2026-03-31.md are identical
mv: /Users/zhaozhiguo/.openclaw/workspace/memory/archive/2026-05-10.md and /Users/zhaozhiguo/.openclaw/workspace/memory/archive/2026-05-10.md are identical
mv: /Users/zhaozhiguo/.openclaw/workspace/memory/archive/2026-05-09-platform-switch.md and /Users/zhaozhiguo/.openclaw/workspace/memory/archive/2026-05-09-platform-switch.md are identical
mv: /Users/zhaozhiguo/.openclaw/workspace/memory/archive/2026-04-09.md and /Users/zhaozhiguo/.openclaw/workspace/memory/archive/2026-04-09.md are identical
mv: /Users/zhaozhiguo/.openclaw/workspace/memory/archive/2026-03-16-openclaw-control-ui.md and /Users/zhaozhiguo/.openclaw/workspace/memory/archive/2026-03-16-openclaw-control-ui.md are identical
mv: /Users/zhaozhiguo/.openclaw/workspace/memory/archive/2026-04-19.md and /Users/zhaozhiguo/.openclaw/workspace/memory/archive/2026-04-19.md are identical
mv: /Users/zhaozhiguo/.openclaw/workspace/memory/archive/2026-03-26.md and /Users/zhaozhiguo/.openclaw/workspace/memory/archive/2026-03-26.md are identical
mv: /Users/zhaozhiguo/.openclaw/workspace/memory/archive/2026-04-20-russian-culture.md and /Users/zhaozhiguo/.openclaw/workspace/memory/archive/2026-04-20-russian-culture.md are identical
mv: /Users/zhaozhiguo/.openclaw/workspace/memory/archive/2026-05-03.md and /Users/zhaozhiguo/.openclaw/workspace/memory/archive/2026-05-03.md are identical
mv: /Users/zhaozhiguo/.openclaw/workspace/memory/archive/2026-04-26-0117.md and /Users/zhaozhiguo/.openclaw/workspace/memory/archive/2026-04-26-0117.md are identical
mv: /Users/zhaozhiguo/.openclaw/workspace/memory/archive/2026-05-13.md and /Users/zhaozhiguo/.openclaw/workspace/memory/archive/2026-05-13.md are identical
mv: /Users/zhaozhiguo/.openclaw/workspace/memory/archive/2026-04-29.md and /Users/zhaozhiguo/.openclaw/workspace/memory/archive/2026-04-29.md are identical
mv: /Users/zhaozhiguo/.openclaw/workspace/memory/archive/2026-05-02.md and /Users/zhaozhiguo/.openclaw/workspace/memory/archive/2026-05-02.md are identical
mv: /Users/zhaozhiguo/.openclaw/workspace/memory/archive/2026-05-12.md and /Users/zhaozhiguo/.openclaw/workspace/memory/archive/2026-05-12.md are identical
mv: /Users/zhaozhiguo/.openclaw/workspace/memory/archive/2026-04-28.md and /Users/zhaozhiguo/.openclaw/workspace/memory/archive/2026-04-28.md are identical
mv: /Users/zhaozhiguo/.openclaw/workspace/memory/archive/2026-04-08.md and /Users/zhaozhiguo/.openclaw/workspace/memory/archive/2026-04-08.md are identical
mv: /Users/zhaozhiguo/.openclaw/workspace/memory/archive/2026-05-06.md and /Users/zhaozhiguo/.openclaw/workspace/memory/archive/2026-05-06.md are identical
mv: /Users/zhaozhiguo/.openclaw/workspace/memory/archive/2026-04-18.md and /Users/zhaozhiguo/.openclaw/workspace/memory/archive/2026-04-18.md are identical
mv: /Users/zhaozhiguo/.openclaw/workspace/memory/archive/2026-04-03.md and /Users/zhaozhiguo/.openclaw/workspace/memory/archive/2026-04-03.md are identical
mv: /Users/zhaozhiguo/.openclaw/workspace/memory/archive/2026-03-16-http-401-authentication-error-.md and /Users/zhaozhiguo/.openclaw/workspace/memory/archive/2026-03-16-http-401-authentication-error-.md are identical
mv: /Users/zhaozhiguo/.openclaw/workspace/memory/archive/2026-04-27.md and /Users/zhaozhiguo/.openclaw/workspace/memory/archive/2026-04-27.md are identical
mv: /Users/zhaozhiguo/.openclaw/workspace/memory/archive/2026-03-16-russian-language.md and /Users/zhaozhiguo/.openclaw/workspace/memory/archive/2026-03-16-russian-language.md are identical
mv: /Users/zhaozhiguo/.openclaw/workspace/memory/archive/2026-04-13.md and /Users/zhaozhiguo/.openclaw/workspace/memory/archive/2026-04-13.md are identical
mv: /Users/zhaozhiguo/.openclaw/workspace/memory/archive/2026-05-09.md and /Users/zhaozhiguo/.openclaw/workspace/memory/archive/2026-05-09.md are identical
mv: /Users/zhaozhiguo/.openclaw/workspace/memory/archive/2026-04-07.md and /Users/zhaozhiguo/.openclaw/workspace/memory/archive/2026-04-07.md are identical
mv: /Users/zhaozhiguo/.openclaw/workspace/memory/archive/2026-03-28.md and /Users/zhaozhiguo/.openclaw/workspace/memory/archive/2026-03-28.md are identical
mv: /Users/zhaozhiguo/.openclaw/workspace/memory/archive/2026-03-17-russia-child-travel.md and /Users/zhaozhiguo/.openclaw/workspace/memory/archive/2026-03-17-russia-child-travel.md are identical
mv: /Users/zhaozhiguo/.openclaw/workspace/memory/archive/2026-04-17.md and /Users/zhaozhiguo/.openclaw/workspace/memory/archive/2026-04-17.md are identical
mv: /Users/zhaozhiguo/.openclaw/workspace/memory/archive/2026-04-23.md and /Users/zhaozhiguo/.openclaw/workspace/memory/archive/2026-04-23.md are identical
mv: /Users/zhaozhiguo/.openclaw/workspace/memory/archive/2026-04-06.md and /Users/zhaozhiguo/.openclaw/workspace/memory/archive/2026-04-06.md are identical
mv: /Users/zhaozhiguo/.openclaw/workspace/memory/archive/2026-04-13-russian.md and /Users/zhaozhiguo/.openclaw/workspace/memory/archive/2026-04-13-russian.md are identical
mv: /Users/zhaozhiguo/.openclaw/workspace/memory/archive/2026-03-29.md and /Users/zhaozhiguo/.openclaw/workspace/memory/archive/2026-03-29.md are identical
mv: /Users/zhaozhiguo/.openclaw/workspace/memory/archive/2026-04-16.md and /Users/zhaozhiguo/.openclaw/workspace/memory/archive/2026-04-16.md are identical
mv: /Users/zhaozhiguo/.openclaw/workspace/memory/archive/2026-04-22.md and /Users/zhaozhiguo/.openclaw/workspace/memory/archive/2026-04-22.md are identical
mv: /Users/zhaozhiguo/.openclaw/workspace/memory/archive/2026-04-02.md and /Users/zhaozhiguo/.openclaw/workspace/memory/archive/2026-04-02.md are identical
mv: /Users/zhaozhiguo/.openclaw/workspace/memory/archive/2026-04-20-nightly.md and /Users/zhaozhiguo/.openclaw/workspace/memory/archive/2026-04-20-nightly.md are identical
mv: /Users/zhaozhiguo/.openclaw/workspace/memory/archive/2026-04-16-russian-study.md and /Users/zhaozhiguo/.openclaw/workspace/memory/archive/2026-04-16-russian-study.md are identical
mv: /Users/zhaozhiguo/.openclaw/workspace/memory/archive/2026-04-26.md and /Users/zhaozhiguo/.openclaw/workspace/memory/archive/2026-04-26.md are identical
mv: /Users/zhaozhiguo/.openclaw/workspace/memory/archive/2026-04-12.md and /Users/zhaozhiguo/.openclaw/workspace/memory/archive/2026-04-12.md are identical
mv: /Users/zhaozhiguo/.openclaw/workspace/memory/archive/2026-04-05.md and /Users/zhaozhiguo/.openclaw/workspace/memory/archive/2026-04-05.md are identical
mv: /Users/zhaozhiguo/.openclaw/workspace/memory/archive/2026-04-14-1137.md and /Users/zhaozhiguo/.openclaw/workspace/memory/archive/2026-04-14-1137.md are identical
mv: /Users/zhaozhiguo/.openclaw/workspace/memory/archive/2026-03-17-russian-version.md and /Users/zhaozhiguo/.openclaw/workspace/memory/archive/2026-03-17-russian-version.md are identical
mv: /Users/zhaozhiguo/.openclaw/workspace/memory/archive/2026-04-15.md and /Users/zhaozhiguo/.openclaw/workspace/memory/archive/2026-04-15.md are identical
mv: /Users/zhaozhiguo/.openclaw/workspace/memory/archive/2026-04-21.md and /Users/zhaozhiguo/.openclaw/workspace/memory/archive/2026-04-21.md are identical
mv: /Users/zhaozhiguo/.openclaw/workspace/memory/archive/2026-03-16-vendor-inquiry.md and /Users/zhaozhiguo/.openclaw/workspace/memory/archive/2026-03-16-vendor-inquiry.md are identical
mv: /Users/zhaozhiguo/.openclaw/workspace/memory/archive/2026-04-01.md and /Users/zhaozhiguo/.openclaw/workspace/memory/archive/2026-04-01.md are identical
mv: /Users/zhaozhiguo/.openclaw/workspace/memory/archive/2026-04-11.md and /Users/zhaozhiguo/.openclaw/workspace/memory/archive/2026-04-11.md are identical
mv: /Users/zhaozhiguo/.openclaw/workspace/memory/archive/2026-04-24.md and /Users/zhaozhiguo/.openclaw/workspace/memory/archive/2026-04-24.md are identical
mv: /Users/zhaozhiguo/.openclaw/workspace/memory/archive/2026-04-10.md and /Users/zhaozhiguo/.openclaw/workspace/memory/archive/2026-04-10.md are identical
mv: /Users/zhaozhiguo/.openclaw/workspace/memory/archive/2026-04-30.md and /Users/zhaozhiguo/.openclaw/workspace/memory/archive/2026-04-30.md are identical
mv: /Users/zhaozhiguo/.openclaw/workspace/memory/archive/2026-04-04.md and /Users/zhaozhiguo/.openclaw/workspace/memory/archive/2026-04-04.md are identical
mv: /Users/zhaozhiguo/.openclaw/workspace/memory/archive/2026-04-16-china-russia-exchange.md and /Users/zhaozhiguo/.openclaw/workspace/memory/archive/2026-04-16-china-russia-exchange.md are identical
mv: /Users/zhaozhiguo/.openclaw/workspace/memory/archive/2026-04-14.md and /Users/zhaozhiguo/.openclaw/workspace/memory/archive/2026-04-14.md are identical
mv: /Users/zhaozhiguo/.openclaw/workspace/memory/archive/2026-04-15-russian.md and /Users/zhaozhiguo/.openclaw/workspace/memory/archive/2026-04-15-russian.md are identical
mv: /Users/zhaozhiguo/.openclaw/workspace/memory/archive/2026-04-20.md and /Users/zhaozhiguo/.openclaw/workspace/memory/archive/2026-04-20.md are identical
mv: /Users/zhaozhiguo/.openclaw/workspace/memory/archive/2026-03-30.md and /Users/zhaozhiguo/.openclaw/workspace/memory/archive/2026-03-30.md are identical
mv: /Users/zhaozhiguo/.openclaw/workspace/memory/archive/2026-05-01.md and /Users/zhaozhiguo/.openclaw/workspace/memory/archive/2026-05-01.md are identical
mv: /Users/zhaozhiguo/.openclaw/workspace/memory/archive/2026-05-11.md and /Users/zhaozhiguo/.openclaw/workspace/memory/archive/2026-05-11.md are identical
mv: /Users/zhaozhiguo/.openclaw/workspace/memory/archive/2026-04-30-nightly.md and /Users/zhaozhiguo/.openclaw/workspace/memory/archive/2026-04-30-nightly.md are identical
mv: /Users/zhaozhiguo/.openclaw/workspace/memory/archive/2026-04-15-0215.md and /Users/zhaozhiguo/.openclaw/workspace/memory/archive/2026-04-15-0215.md are identical
mv: /Users/zhaozhiguo/.openclaw/workspace/memory/archive/2026-03-31-russian.md and /Users/zhaozhiguo/.openclaw/workspace/memory/archive/2026-03-31-russian.md are identical
mv: /Users/zhaozhiguo/.openclaw/workspace/memory/archive/2026-05-05.md and /Users/zhaozhiguo/.openclaw/workspace/memory/archive/2026-05-05.md are identical
mv: /Users/zhaozhiguo/.openclaw/workspace/memory/archive/2026-04-16-nightly.md and /Users/zhaozhiguo/.openclaw/workspace/memory/archive/2026-04-16-nightly.md are identical
mv: /Users/zhaozhiguo/.openclaw/workspace/memory/archive/2026-04-21-nightly.md and /Users/zhaozhiguo/.openclaw/workspace/memory/archive/2026-04-21-nightly.md are identical
mv: /Users/zhaozhiguo/.openclaw/workspace/memory/archive/2026-05-15.md and /Users/zhaozhiguo/.openclaw/workspace/memory/archive/2026-05-15.md are identical
mv: /Users/zhaozhiguo/.openclaw/workspace/memory/archive/2026-05-09-nightly.md and /Users/zhaozhiguo/.openclaw/workspace/memory/archive/2026-05-09-nightly.md are identical
mv: /Users/zhaozhiguo/.openclaw/workspace/memory/archive/2026-05-04.md and /Users/zhaozhiguo/.openclaw/workspace/memory/archive/2026-05-04.md are identical
mv: /Users/zhaozhiguo/.openclaw/workspace/memory/archive/2025-04-17-learning.md and /Users/zhaozhiguo/.openclaw/workspace/memory/archive/2025-04-17-learning.md are identical
mv: /Users/zhaozhiguo/.openclaw/workspace/memory/archive/2026-05-14.md and /Users/zhaozhiguo/.openclaw/workspace/memory/archive/2026-05-14.md are identical
mv: /Users/zhaozhiguo/.openclaw/workspace/memory/archive/2026-03-31.md and /Users/zhaozhiguo/.openclaw/workspace/memory/archive/2026-03-31.md are identical
mv: /Users/zhaozhiguo/.openclaw/workspace/memory/archive/2026-05-10.md and /Users/zhaozhiguo/.openclaw/workspace/memory/archive/2026-05-10.md are identical
mv: /Users/zhaozhiguo/.openclaw/workspace/memory/archive/2026-05-09-platform-switch.md and /Users/zhaozhiguo/.openclaw/workspace/memory/archive/2026-05-09-platform-switch.md are identical
mv: /Users/zhaozhiguo/.openclaw/workspace/memory/archive/2026-04-09.md and /Users/zhaozhiguo/.openclaw/workspace/memory/archive/2026-04-09.md are identical
mv: /Users/zhaozhiguo/.openclaw/workspace/memory/archive/2026-03-16-openclaw-control-ui.md and /Users/zhaozhiguo/.openclaw/workspace/memory/archive/2026-03-16-openclaw-control-ui.md are identical
mv: /Users/zhaozhiguo/.openclaw/workspace/memory/archive/2026-04-19.md and /Users/zhaozhiguo/.openclaw/workspace/memory/archive/2026-04-19.md are identical
mv: /Users/zhaozhiguo/.openclaw/workspace/memory/archive/2026-03-26.md and /Users/zhaozhiguo/.openclaw/workspace/memory/archive/2026-03-26.md are identical
mv: /Users/zhaozhiguo/.openclaw/workspace/memory/archive/2026-04-20-russian-culture.md and /Users/zhaozhiguo/.openclaw/workspace/memory/archive/2026-04-20-russian-culture.md are identical
mv: /Users/zhaozhiguo/.openclaw/workspace/memory/archive/2026-05-03.md and /Users/zhaozhiguo/.openclaw/workspace/memory/archive/2026-05-03.md are identical
mv: /Users/zhaozhiguo/.openclaw/workspace/memory/archive/2026-04-26-0117.md and /Users/zhaozhiguo/.openclaw/workspace/memory/archive/2026-04-26-0117.md are identical
mv: /Users/zhaozhiguo/.openclaw/workspace/memory/archive/2026-05-13.md and /Users/zhaozhiguo/.openclaw/workspace/memory/archive/2026-05-13.md are identical
mv: /Users/zhaozhiguo/.openclaw/workspace/memory/archive/2026-04-29.md and /Users/zhaozhiguo/.openclaw/workspace/memory/archive/2026-04-29.md are identical
mv: /Users/zhaozhiguo/.openclaw/workspace/memory/archive/2026-05-02.md and /Users/zhaozhiguo/.openclaw/workspace/memory/archive/2026-05-02.md are identical
mv: /Users/zhaozhiguo/.openclaw/workspace/memory/archive/2026-05-12.md and /Users/zhaozhiguo/.openclaw/workspace/memory/archive/2026-05-12.md are identical
mv: /Users/zhaozhiguo/.openclaw/workspace/memory/archive/2026-04-28.md and /Users/zhaozhiguo/.openclaw/workspace/memory/archive/2026-04-28.md are identical
mv: /Users/zhaozhiguo/.openclaw/workspace/memory/archive/2026-04-08.md and /Users/zhaozhiguo/.openclaw/workspace/memory/archive/2026-04-08.md are identical
mv: /Users/zhaozhiguo/.openclaw/workspace/memory/archive/2026-05-06.md and /Users/zhaozhiguo/.openclaw/workspace/memory/archive/2026-05-06.md are identical
mv: /Users/zhaozhiguo/.openclaw/workspace/memory/archive/2026-04-18.md and /Users/zhaozhiguo/.openclaw/workspace/memory/archive/2026-04-18.md are identical
mv: /Users/zhaozhiguo/.openclaw/workspace/memory/archive/2026-04-03.md and /Users/zhaozhiguo/.openclaw/workspace/memory/archive/2026-04-03.md are identical
mv: /Users/zhaozhiguo/.openclaw/workspace/memory/archive/2026-03-16-http-401-authentication-error-.md and /Users/zhaozhiguo/.openclaw/workspace/memory/archive/2026-03-16-http-401-authentication-error-.md are identical
mv: /Users/zhaozhiguo/.openclaw/workspace/memory/archive/2026-04-27.md and /Users/zhaozhiguo/.openclaw/workspace/memory/archive/2026-04-27.md are identical
mv: /Users/zhaozhiguo/.openclaw/workspace/memory/archive/2026-03-16-russian-language.md and /Users/zhaozhiguo/.openclaw/workspace/memory/archive/2026-03-16-russian-language.md are identical
mv: /Users/zhaozhiguo/.openclaw/workspace/memory/archive/2026-04-13.md and /Users/zhaozhiguo/.openclaw/workspace/memory/archive/2026-04-13.md are identical
mv: /Users/zhaozhiguo/.openclaw/workspace/memory/archive/2026-05-09.md and /Users/zhaozhiguo/.openclaw/workspace/memory/archive/2026-05-09.md are identical
mv: /Users/zhaozhiguo/.openclaw/workspace/memory/archive/2026-04-07.md and /Users/zhaozhiguo/.openclaw/workspace/memory/archive/2026-04-07.md are identical
mv: /Users/zhaozhiguo/.openclaw/workspace/memory/archive/2026-03-28.md and /Users/zhaozhiguo/.openclaw/workspace/memory/archive/2026-03-28.md are identical
mv: /Users/zhaozhiguo/.openclaw/workspace/memory/archive/2026-03-17-russia-child-travel.md and /Users/zhaozhiguo/.openclaw/workspace/memory/archive/2026-03-17-russia-child-travel.md are identical
mv: /Users/zhaozhiguo/.openclaw/workspace/memory/archive/2026-04-17.md and /Users/zhaozhiguo/.openclaw/workspace/memory/archive/2026-04-17.md are identical
mv: /Users/zhaozhiguo/.openclaw/workspace/memory/archive/2026-04-23.md and /Users/zhaozhiguo/.openclaw/workspace/memory/archive/2026-04-23.md are identical
mv: /Users/zhaozhiguo/.openclaw/workspace/memory/archive/2026-04-06.md and /Users/zhaozhiguo/.openclaw/workspace/memory/archive/2026-04-06.md are identical
mv: /Users/zhaozhiguo/.openclaw/workspace/memory/archive/2026-04-13-russian.md and /Users/zhaozhiguo/.openclaw/workspace/memory/archive/2026-04-13-russian.md are identical
mv: /Users/zhaozhiguo/.openclaw/workspace/memory/archive/2026-03-29.md and /Users/zhaozhiguo/.openclaw/workspace/memory/archive/2026-03-29.md are identical
mv: /Users/zhaozhiguo/.openclaw/workspace/memory/archive/2026-04-16.md and /Users/zhaozhiguo/.openclaw/workspace/memory/archive/2026-04-16.md are identical
mv: /Users/zhaozhiguo/.openclaw/workspace/memory/archive/2026-04-22.md and /Users/zhaozhiguo/.openclaw/workspace/memory/archive/2026-04-22.md are identical
mv: /Users/zhaozhiguo/.openclaw/workspace/memory/archive/2026-04-02.md and /Users/zhaozhiguo/.openclaw/workspace/memory/archive/2026-04-02.md are identical
mv: /Users/zhaozhiguo/.openclaw/workspace/memory/archive/2026-04-20-nightly.md and /Users/zhaozhiguo/.openclaw/workspace/memory/archive/2026-04-20-nightly.md are identical
mv: /Users/zhaozhiguo/.openclaw/workspace/memory/archive/2026-04-16-russian-study.md and /Users/zhaozhiguo/.openclaw/workspace/memory/archive/2026-04-16-russian-study.md are identical
mv: /Users/zhaozhiguo/.openclaw/workspace/memory/archive/2026-04-26.md and /Users/zhaozhiguo/.openclaw/workspace/memory/archive/2026-04-26.md are identical
mv: /Users/zhaozhiguo/.openclaw/workspace/memory/archive/2026-04-12.md and /Users/zhaozhiguo/.openclaw/workspace/memory/archive/2026-04-12.md are identical
mv: /Users/zhaozhiguo/.openclaw/workspace/memory/archive/2026-04-05.md and /Users/zhaozhiguo/.openclaw/workspace/memory/archive/2026-04-05.md are identical
mv: /Users/zhaozhiguo/.openclaw/workspace/memory/archive/2026-04-14-1137.md and /Users/zhaozhiguo/.openclaw/workspace/memory/archive/2026-04-14-1137.md are identical
mv: /Users/zhaozhiguo/.openclaw/workspace/memory/archive/2026-03-17-russian-version.md and /Users/zhaozhiguo/.openclaw/workspace/memory/archive/2026-03-17-russian-version.md are identical
mv: /Users/zhaozhiguo/.openclaw/workspace/memory/archive/2026-04-15.md and /Users/zhaozhiguo/.openclaw/workspace/memory/archive/2026-04-15.md are identical
mv: /Users/zhaozhiguo/.openclaw/workspace/memory/archive/2026-04-21.md and /Users/zhaozhiguo/.openclaw/workspace/memory/archive/2026-04-21.md are identical
mv: /Users/zhaozhiguo/.openclaw/workspace/memory/archive/2026-03-16-vendor-inquiry.md and /Users/zhaozhiguo/.openclaw/workspace/memory/archive/2026-03-16-vendor-inquiry.md are identical
mv: /Users/zhaozhiguo/.openclaw/workspace/memory/archive/2026-04-01.md and /Users/zhaozhiguo/.openclaw/workspace/memory/archive/2026-04-01.md are identical
mv: /Users/zhaozhiguo/.openclaw/workspace/memory/archive/2026-04-11.md and /Users/zhaozhiguo/.openclaw/workspace/memory/archive/2026-04-11.md are identical
mv: /Users/zhaozhiguo/.openclaw/workspace/memory/archive/2026-04-24.md and /Users/zhaozhiguo/.openclaw/workspace/memory/archive/2026-04-24.md are identical
mv: /Users/zhaozhiguo/.openclaw/workspace/memory/archive/2026-04-10.md and /Users/zhaozhiguo/.openclaw/workspace/memory/archive/2026-04-10.md are identical
mv: /Users/zhaozhiguo/.openclaw/workspace/memory/archive/2026-04-30.md and /Users/zhaozhiguo/.openclaw/workspace/memory/archive/2026-04-30.md are identical
mv: /Users/zhaozhiguo/.openclaw/workspace/memory/archive/2026-04-04.md and /Users/zhaozhiguo/.openclaw/workspace/memory/archive/2026-04-04.md are identical
mv: /Users/zhaozhiguo/.openclaw/workspace/memory/archive/2026-04-16-china-russia-exchange.md and /Users/zhaozhiguo/.openclaw/workspace/memory/archive/2026-04-16-china-russia-exchange.md are identical
mv: /Users/zhaozhiguo/.openclaw/workspace/memory/archive/2026-04-14.md and /Users/zhaozhiguo/.openclaw/workspace/memory/archive/2026-04-14.md are identical
mv: /Users/zhaozhiguo/.openclaw/workspace/memory/archive/2026-04-15-russian.md and /Users/zhaozhiguo/.openclaw/workspace/memory/archive/2026-04-15-russian.md are identical
mv: /Users/zhaozhiguo/.openclaw/workspace/memory/archive/2026-04-20.md and /Users/zhaozhiguo/.openclaw/workspace/memory/archive/2026-04-20.md are identical
mv: /Users/zhaozhiguo/.openclaw/workspace/memory/archive/2026-03-30.md and /Users/zhaozhiguo/.openclaw/workspace/memory/archive/2026-03-30.md are identical
mv: /Users/zhaozhiguo/.openclaw/workspace/memory/archive/2026-05-01.md and /Users/zhaozhiguo/.openclaw/workspace/memory/archive/2026-05-01.md are identical
mv: /Users/zhaozhiguo/.openclaw/workspace/memory/archive/2026-05-11.md and /Users/zhaozhiguo/.openclaw/workspace/memory/archive/2026-05-11.md are identical
mv: /Users/zhaozhiguo/.openclaw/workspace/memory/archive/2026-04-30-nightly.md and /Users/zhaozhiguo/.openclaw/workspace/memory/archive/2026-04-30-nightly.md are identical
mv: /Users/zhaozhiguo/.openclaw/workspace/memory/archive/2026-04-15-0215.md and /Users/zhaozhiguo/.openclaw/workspace/memory/archive/2026-04-15-0215.md are identical
mv: /Users/zhaozhiguo/.openclaw/workspace/memory/archive/2026-03-31-russian.md and /Users/zhaozhiguo/.openclaw/workspace/memory/archive/2026-03-31-russian.md are identical
mv: /Users/zhaozhiguo/.openclaw/workspace/memory/archive/2026-05-05.md and /Users/zhaozhiguo/.openclaw/workspace/memory/archive/2026-05-05.md are identical
mv: /Users/zhaozhiguo/.openclaw/workspace/memory/archive/2026-04-16-nightly.md and /Users/zhaozhiguo/.openclaw/workspace/memory/archive/2026-04-16-nightly.md are identical
mv: /Users/zhaozhiguo/.openclaw/workspace/memory/archive/2026-04-21-nightly.md and /Users/zhaozhiguo/.openclaw/workspace/memory/archive/2026-04-21-nightly.md are identical
mv: /Users/zhaozhiguo/.openclaw/workspace/memory/archive/2026-05-15.md and /Users/zhaozhiguo/.openclaw/workspace/memory/archive/2026-05-15.md are identical
mv: /Users/zhaozhiguo/.openclaw/workspace/memory/archive/2026-05-09-nightly.md and /Users/zhaozhiguo/.openclaw/workspace/memory/archive/2026-05-09-nightly.md are identical
mv: /Users/zhaozhiguo/.openclaw/workspace/memory/archive/2026-05-04.md and /Users/zhaozhiguo/.openclaw/workspace/memory/archive/2026-05-04.md are identical
mv: /Users/zhaozhiguo/.openclaw/workspace/memory/archive/2025-04-17-learning.md and /Users/zhaozhiguo/.openclaw/workspace/memory/archive/2025-04-17-learning.md are identical
mv: /Users/zhaozhiguo/.openclaw/workspace/memory/archive/2026-05-14.md and /Users/zhaozhiguo/.openclaw/workspace/memory/archive/2026-05-14.md are identical
mv: /Users/zhaozhiguo/.openclaw/workspace/memory/archive/2026-03-31.md and /Users/zhaozhiguo/.openclaw/workspace/memory/archive/2026-03-31.md are identical
mv: /Users/zhaozhiguo/.openclaw/workspace/memory/archive/2026-05-10.md and /Users/zhaozhiguo/.openclaw/workspace/memory/archive/2026-05-10.md are identical
mv: /Users/zhaozhiguo/.openclaw/workspace/memory/archive/2026-05-09-platform-switch.md and /Users/zhaozhiguo/.openclaw/workspace/memory/archive/2026-05-09-platform-switch.md are identical
mv: /Users/zhaozhiguo/.openclaw/workspace/memory/archive/2026-04-09.md and /Users/zhaozhiguo/.openclaw/workspace/memory/archive/2026-04-09.md are identical
mv: /Users/zhaozhiguo/.openclaw/workspace/memory/archive/2026-03-16-openclaw-control-ui.md and /Users/zhaozhiguo/.openclaw/workspace/memory/archive/2026-03-16-openclaw-control-ui.md are identical
mv: /Users/zhaozhiguo/.openclaw/workspace/memory/archive/2026-04-19.md and /Users/zhaozhiguo/.openclaw/workspace/memory/archive/2026-04-19.md are identical
mv: /Users/zhaozhiguo/.openclaw/workspace/memory/archive/2026-03-26.md and /Users/zhaozhiguo/.openclaw/workspace/memory/archive/2026-03-26.md are identical
mv: /Users/zhaozhiguo/.openclaw/workspace/memory/archive/2026-04-20-russian-culture.md and /Users/zhaozhiguo/.openclaw/workspace/memory/archive/2026-04-20-russian-culture.md are identical
mv: /Users/zhaozhiguo/.openclaw/workspace/memory/archive/2026-05-03.md and /Users/zhaozhiguo/.openclaw/workspace/memory/archive/2026-05-03.md are identical
mv: /Users/zhaozhiguo/.openclaw/workspace/memory/archive/2026-04-26-0117.md and /Users/zhaozhiguo/.openclaw/workspace/memory/archive/2026-04-26-0117.md are identical
mv: /Users/zhaozhiguo/.openclaw/workspace/memory/archive/2026-05-13.md and /Users/zhaozhiguo/.openclaw/workspace/memory/archive/2026-05-13.md are identical
mv: /Users/zhaozhiguo/.openclaw/workspace/memory/archive/2026-04-29.md and /Users/zhaozhiguo/.openclaw/workspace/memory/archive/2026-04-29.md are identical
mv: /Users/zhaozhiguo/.openclaw/workspace/memory/archive/2026-05-02.md and /Users/zhaozhiguo/.openclaw/workspace/memory/archive/2026-05-02.md are identical
mv: /Users/zhaozhiguo/.openclaw/workspace/memory/archive/2026-05-12.md and /Users/zhaozhiguo/.openclaw/workspace/memory/archive/2026-05-12.md are identical
mv: /Users/zhaozhiguo/.openclaw/workspace/memory/archive/2026-04-28.md and /Users/zhaozhiguo/.openclaw/workspace/memory/archive/2026-04-28.md are identical
mv: /Users/zhaozhiguo/.openclaw/workspace/memory/archive/2026-04-08.md and /Users/zhaozhiguo/.openclaw/workspace/memory/archive/2026-04-08.md are identical
mv: /Users/zhaozhiguo/.openclaw/workspace/memory/archive/2026-05-06.md and /Users/zhaozhiguo/.openclaw/workspace/memory/archive/2026-05-06.md are identical
mv: /Users/zhaozhiguo/.openclaw/workspace/memory/archive/2026-04-18.md and /Users/zhaozhiguo/.openclaw/workspace/memory/archive/2026-04-18.md are identical
mv: /Users/zhaozhiguo/.openclaw/workspace/memory/archive/2026-04-03.md and /Users/zhaozhiguo/.openclaw/workspace/memory/archive/2026-04-03.md are identical
mv: /Users/zhaozhiguo/.openclaw/workspace/memory/archive/2026-03-16-http-401-authentication-error-.md and /Users/zhaozhiguo/.openclaw/workspace/memory/archive/2026-03-16-http-401-authentication-error-.md are identical
mv: /Users/zhaozhiguo/.openclaw/workspace/memory/archive/2026-04-27.md and /Users/zhaozhiguo/.openclaw/workspace/memory/archive/2026-04-27.md are identical
mv: /Users/zhaozhiguo/.openclaw/workspace/memory/archive/2026-03-16-russian-language.md and /Users/zhaozhiguo/.openclaw/workspace/memory/archive/2026-03-16-russian-language.md are identical
mv: /Users/zhaozhiguo/.openclaw/workspace/memory/archive/2026-04-13.md and /Users/zhaozhiguo/.openclaw/workspace/memory/archive/2026-04-13.md are identical
mv: /Users/zhaozhiguo/.openclaw/workspace/memory/archive/2026-05-09.md and /Users/zhaozhiguo/.openclaw/workspace/memory/archive/2026-05-09.md are identical
mv: /Users/zhaozhiguo/.openclaw/workspace/memory/archive/2026-04-07.md and /Users/zhaozhiguo/.openclaw/workspace/memory/archive/2026-04-07.md are identical
mv: /Users/zhaozhiguo/.openclaw/workspace/memory/archive/2026-03-28.md and /Users/zhaozhiguo/.openclaw/workspace/memory/archive/2026-03-28.md are identical
mv: /Users/zhaozhiguo/.openclaw/workspace/memory/archive/2026-03-17-russia-child-travel.md and /Users/zhaozhiguo/.openclaw/workspace/memory/archive/2026-03-17-russia-child-travel.md are identical
mv: /Users/zhaozhiguo/.openclaw/workspace/memory/archive/2026-04-17.md and /Users/zhaozhiguo/.openclaw/workspace/memory/archive/2026-04-17.md are identical
mv: /Users/zhaozhiguo/.openclaw/workspace/memory/archive/2026-04-23.md and /Users/zhaozhiguo/.openclaw/workspace/memory/archive/2026-04-23.md are identical
mv: /Users/zhaozhiguo/.openclaw/workspace/memory/archive/2026-04-06.md and /Users/zhaozhiguo/.openclaw/workspace/memory/archive/2026-04-06.md are identical
mv: /Users/zhaozhiguo/.openclaw/workspace/memory/archive/2026-04-13-russian.md and /Users/zhaozhiguo/.openclaw/workspace/memory/archive/2026-04-13-russian.md are identical
mv: /Users/zhaozhiguo/.openclaw/workspace/memory/archive/2026-03-29.md and /Users/zhaozhiguo/.openclaw/workspace/memory/archive/2026-03-29.md are identical
mv: /Users/zhaozhiguo/.openclaw/workspace/memory/archive/2026-04-16.md and /Users/zhaozhiguo/.openclaw/workspace/memory/archive/2026-04-16.md are identical
mv: /Users/zhaozhiguo/.openclaw/workspace/memory/archive/2026-04-22.md and /Users/zhaozhiguo/.openclaw/workspace/memory/archive/2026-04-22.md are identical
mv: /Users/zhaozhiguo/.openclaw/workspace/memory/archive/2026-04-02.md and /Users/zhaozhiguo/.openclaw/workspace/memory/archive/2026-04-02.md are identical
mv: /Users/zhaozhiguo/.openclaw/workspace/memory/archive/2026-04-20-nightly.md and /Users/zhaozhiguo/.openclaw/workspace/memory/archive/2026-04-20-nightly.md are identical
mv: /Users/zhaozhiguo/.openclaw/workspace/memory/archive/2026-04-16-russian-study.md and /Users/zhaozhiguo/.openclaw/workspace/memory/archive/2026-04-16-russian-study.md are identical
mv: /Users/zhaozhiguo/.openclaw/workspace/memory/archive/2026-04-26.md and /Users/zhaozhiguo/.openclaw/workspace/memory/archive/2026-04-26.md are identical
mv: /Users/zhaozhiguo/.openclaw/workspace/memory/archive/2026-04-12.md and /Users/zhaozhiguo/.openclaw/workspace/memory/archive/2026-04-12.md are identical
mv: /Users/zhaozhiguo/.openclaw/workspace/memory/archive/2026-04-05.md and /Users/zhaozhiguo/.openclaw/workspace/memory/archive/2026-04-05.md are identical
mv: /Users/zhaozhiguo/.openclaw/workspace/memory/archive/2026-04-14-1137.md and /Users/zhaozhiguo/.openclaw/workspace/memory/archive/2026-04-14-1137.md are identical
mv: /Users/zhaozhiguo/.openclaw/workspace/memory/archive/2026-03-17-russian-version.md and /Users/zhaozhiguo/.openclaw/workspace/memory/archive/2026-03-17-russian-version.md are identical
mv: /Users/zhaozhiguo/.openclaw/workspace/memory/archive/2026-04-15.md and /Users/zhaozhiguo/.openclaw/workspace/memory/archive/2026-04-15.md are identical
mv: /Users/zhaozhiguo/.openclaw/workspace/memory/archive/2026-04-21.md and /Users/zhaozhiguo/.openclaw/workspace/memory/archive/2026-04-21.md are identical
mv: /Users/zhaozhiguo/.openclaw/workspace/memory/archive/2026-03-16-vendor-inquiry.md and /Users/zhaozhiguo/.openclaw/workspace/memory/archive/2026-03-16-vendor-inquiry.md are identical
mv: /Users/zhaozhiguo/.openclaw/workspace/memory/archive/2026-04-01.md and /Users/zhaozhiguo/.openclaw/workspace/memory/archive/2026-04-01.md are identical
mv: /Users/zhaozhiguo/.openclaw/workspace/memory/archive/2026-04-11.md and /Users/zhaozhiguo/.openclaw/workspace/memory/archive/2026-04-11.md are identical
mv: /Users/zhaozhiguo/.openclaw/workspace/memory/archive/2026-04-24.md and /Users/zhaozhiguo/.openclaw/workspace/memory/archive/2026-04-24.md are identical
mv: /Users/zhaozhiguo/.openclaw/workspace/memory/archive/2026-04-10.md and /Users/zhaozhiguo/.openclaw/workspace/memory/archive/2026-04-10.md are identical
mv: /Users/zhaozhiguo/.openclaw/workspace/memory/archive/2026-04-30.md and /Users/zhaozhiguo/.openclaw/workspace/memory/archive/2026-04-30.md are identical
mv: /Users/zhaozhiguo/.openclaw/workspace/memory/archive/2026-04-04.md and /Users/zhaozhiguo/.openclaw/workspace/memory/archive/2026-04-04.md are identical
mv: /Users/zhaozhiguo/.openclaw/workspace/memory/archive/2026-04-16-china-russia-exchange.md and /Users/zhaozhiguo/.openclaw/workspace/memory/archive/2026-04-16-china-russia-exchange.md are identical
mv: /Users/zhaozhiguo/.openclaw/workspace/memory/archive/2026-04-14.md and /Users/zhaozhiguo/.openclaw/workspace/memory/archive/2026-04-14.md are identical
mv: /Users/zhaozhiguo/.openclaw/workspace/memory/archive/2026-04-15-russian.md and /Users/zhaozhiguo/.openclaw/workspace/memory/archive/2026-04-15-russian.md are identical
mv: /Users/zhaozhiguo/.openclaw/workspace/memory/archive/2026-04-20.md and /Users/zhaozhiguo/.openclaw/workspace/memory/archive/2026-04-20.md are identical
mv: /Users/zhaozhiguo/.openclaw/workspace/memory/archive/2026-03-30.md and /Users/zhaozhiguo/.openclaw/workspace/memory/archive/2026-03-30.md are identical
mv: /Users/zhaozhiguo/.openclaw/workspace/memory/archive/2026-05-01.md and /Users/zhaozhiguo/.openclaw/workspace/memory/archive/2026-05-01.md are identical
mv: /Users/zhaozhiguo/.openclaw/workspace/memory/archive/2026-05-11.md and /Users/zhaozhiguo/.openclaw/workspace/memory/archive/2026-05-11.md are identical
mv: /Users/zhaozhiguo/.openclaw/workspace/memory/archive/2026-04-30-nightly.md and /Users/zhaozhiguo/.openclaw/workspace/memory/archive/2026-04-30-nightly.md are identical
mv: /Users/zhaozhiguo/.openclaw/workspace/memory/archive/2026-04-15-0215.md and /Users/zhaozhiguo/.openclaw/workspace/memory/archive/2026-04-15-0215.md are identical
mv: /Users/zhaozhiguo/.openclaw/workspace/memory/archive/2026-03-31-russian.md and /Users/zhaozhiguo/.openclaw/workspace/memory/archive/2026-03-31-russian.md are identical
mv: /Users/zhaozhiguo/.openclaw/workspace/memory/archive/2026-05-05.md and /Users/zhaozhiguo/.openclaw/workspace/memory/archive/2026-05-05.md are identical
mv: /Users/zhaozhiguo/.openclaw/workspace/memory/archive/2026-04-16-nightly.md and /Users/zhaozhiguo/.openclaw/workspace/memory/archive/2026-04-16-nightly.md are identical
mv: /Users/zhaozhiguo/.openclaw/workspace/memory/archive/2026-04-21-nightly.md and /Users/zhaozhiguo/.openclaw/workspace/memory/archive/2026-04-21-nightly.md are identical
mv: /Users/zhaozhiguo/.openclaw/workspace/memory/archive/2026-05-15.md and /Users/zhaozhiguo/.openclaw/workspace/memory/archive/2026-05-15.md are identical
mv: /Users/zhaozhiguo/.openclaw/workspace/memory/archive/2026-05-09-nightly.md and /Users/zhaozhiguo/.openclaw/workspace/memory/archive/2026-05-09-nightly.md are identical
mv: /Users/zhaozhiguo/.openclaw/workspace/memory/archive/2026-05-04.md and /Users/zhaozhiguo/.openclaw/workspace/memory/archive/2026-05-04.md are identical
mv: /Users/zhaozhiguo/.openclaw/workspace/memory/archive/2025-04-17-learning.md and /Users/zhaozhiguo/.openclaw/workspace/memory/archive/2025-04-17-learning.md are identical
mv: /Users/zhaozhiguo/.openclaw/workspace/memory/archive/2026-05-14.md and /Users/zhaozhiguo/.openclaw/workspace/memory/archive/2026-05-14.md are identical
mv: /Users/zhaozhiguo/.openclaw/workspace/memory/archive/2026-03-31.md and /Users/zhaozhiguo/.openclaw/workspace/memory/archive/2026-03-31.md are identical
mv: /Users/zhaozhiguo/.openclaw/workspace/memory/archive/2026-05-10.md and /Users/zhaozhiguo/.openclaw/workspace/memory/archive/2026-05-10.md are identical
mv: /Users/zhaozhiguo/.openclaw/workspace/memory/archive/2026-05-09-platform-switch.md and /Users/zhaozhiguo/.openclaw/workspace/memory/archive/2026-05-09-platform-switch.md are identical
mv: /Users/zhaozhiguo/.openclaw/workspace/memory/archive/2026-04-09.md and /Users/zhaozhiguo/.openclaw/workspace/memory/archive/2026-04-09.md are identical
mv: /Users/zhaozhiguo/.openclaw/workspace/memory/archive/2026-03-16-openclaw-control-ui.md and /Users/zhaozhiguo/.openclaw/workspace/memory/archive/2026-03-16-openclaw-control-ui.md are identical
mv: /Users/zhaozhiguo/.openclaw/workspace/memory/archive/2026-04-19.md and /Users/zhaozhiguo/.openclaw/workspace/memory/archive/2026-04-19.md are identical
mv: /Users/zhaozhiguo/.openclaw/workspace/memory/archive/2026-03-26.md and /Users/zhaozhiguo/.openclaw/workspace/memory/archive/2026-03-26.md are identical
mv: /Users/zhaozhiguo/.openclaw/workspace/memory/archive/2026-04-20-russian-culture.md and /Users/zhaozhiguo/.openclaw/workspace/memory/archive/2026-04-20-russian-culture.md are identical
mv: /Users/zhaozhiguo/.openclaw/workspace/memory/archive/2026-05-03.md and /Users/zhaozhiguo/.openclaw/workspace/memory/archive/2026-05-03.md are identical
mv: /Users/zhaozhiguo/.openclaw/workspace/memory/archive/2026-04-26-0117.md and /Users/zhaozhiguo/.openclaw/workspace/memory/archive/2026-04-26-0117.md are identical
mv: /Users/zhaozhiguo/.openclaw/workspace/memory/archive/2026-05-13.md and /Users/zhaozhiguo/.openclaw/workspace/memory/archive/2026-05-13.md are identical
mv: /Users/zhaozhiguo/.openclaw/workspace/memory/archive/2026-04-29.md and /Users/zhaozhiguo/.openclaw/workspace/memory/archive/2026-04-29.md are identical
mv: /Users/zhaozhiguo/.openclaw/workspace/memory/archive/2026-05-02.md and /Users/zhaozhiguo/.openclaw/workspace/memory/archive/2026-05-02.md are identical
mv: /Users/zhaozhiguo/.openclaw/workspace/memory/archive/2026-05-12.md and /Users/zhaozhiguo/.openclaw/workspace/memory/archive/2026-05-12.md are identical
mv: /Users/zhaozhiguo/.openclaw/workspace/memory/archive/2026-04-28.md and /Users/zhaozhiguo/.openclaw/workspace/memory/archive/2026-04-28.md are identical
mv: /Users/zhaozhiguo/.openclaw/workspace/memory/archive/2026-04-08.md and /Users/zhaozhiguo/.openclaw/workspace/memory/archive/2026-04-08.md are identical
mv: /Users/zhaozhiguo/.openclaw/workspace/memory/archive/2026-05-06.md and /Users/zhaozhiguo/.openclaw/workspace/memory/archive/2026-05-06.md are identical
mv: /Users/zhaozhiguo/.openclaw/workspace/memory/archive/2026-04-18.md and /Users/zhaozhiguo/.openclaw/workspace/memory/archive/2026-04-18.md are identical
mv: /Users/zhaozhiguo/.openclaw/workspace/memory/archive/2026-04-03.md and /Users/zhaozhiguo/.openclaw/workspace/memory/archive/2026-04-03.md are identical
mv: /Users/zhaozhiguo/.openclaw/workspace/memory/archive/2026-03-16-http-401-authentication-error-.md and /Users/zhaozhiguo/.openclaw/workspace/memory/archive/2026-03-16-http-401-authentication-error-.md are identical
mv: /Users/zhaozhiguo/.openclaw/workspace/memory/archive/2026-04-27.md and /Users/zhaozhiguo/.openclaw/workspace/memory/archive/2026-04-27.md are identical
mv: /Users/zhaozhiguo/.openclaw/workspace/memory/archive/2026-03-16-russian-language.md and /Users/zhaozhiguo/.openclaw/workspace/memory/archive/2026-03-16-russian-language.md are identical
mv: /Users/zhaozhiguo/.openclaw/workspace/memory/archive/2026-04-13.md and /Users/zhaozhiguo/.openclaw/workspace/memory/archive/2026-04-13.md are identical
mv: /Users/zhaozhiguo/.openclaw/workspace/memory/archive/2026-05-09.md and /Users/zhaozhiguo/.openclaw/workspace/memory/archive/2026-05-09.md are identical
mv: /Users/zhaozhiguo/.openclaw/workspace/memory/archive/2026-04-07.md and /Users/zhaozhiguo/.openclaw/workspace/memory/archive/2026-04-07.md are identical
mv: /Users/zhaozhiguo/.openclaw/workspace/memory/archive/2026-03-28.md and /Users/zhaozhiguo/.openclaw/workspace/memory/archive/2026-03-28.md are identical
mv: /Users/zhaozhiguo/.openclaw/workspace/memory/archive/2026-03-17-russia-child-travel.md and /Users/zhaozhiguo/.openclaw/workspace/memory/archive/2026-03-17-russia-child-travel.md are identical
mv: /Users/zhaozhiguo/.openclaw/workspace/memory/archive/2026-04-17.md and /Users/zhaozhiguo/.openclaw/workspace/memory/archive/2026-04-17.md are identical
mv: /Users/zhaozhiguo/.openclaw/workspace/memory/archive/2026-04-23.md and /Users/zhaozhiguo/.openclaw/workspace/memory/archive/2026-04-23.md are identical
mv: /Users/zhaozhiguo/.openclaw/workspace/memory/archive/2026-04-06.md and /Users/zhaozhiguo/.openclaw/workspace/memory/archive/2026-04-06.md are identical
mv: /Users/zhaozhiguo/.openclaw/workspace/memory/archive/2026-04-13-russian.md and /Users/zhaozhiguo/.openclaw/workspace/memory/archive/2026-04-13-russian.md are identical
mv: /Users/zhaozhiguo/.openclaw/workspace/memory/archive/2026-03-29.md and /Users/zhaozhiguo/.openclaw/workspace/memory/archive/2026-03-29.md are identical
mv: /Users/zhaozhiguo/.openclaw/workspace/memory/archive/2026-04-16.md and /Users/zhaozhiguo/.openclaw/workspace/memory/archive/2026-04-16.md are identical
mv: /Users/zhaozhiguo/.openclaw/workspace/memory/archive/2026-04-22.md and /Users/zhaozhiguo/.openclaw/workspace/memory/archive/2026-04-22.md are identical
mv: /Users/zhaozhiguo/.openclaw/workspace/memory/archive/2026-04-02.md and /Users/zhaozhiguo/.openclaw/workspace/memory/archive/2026-04-02.md are identical
mv: /Users/zhaozhiguo/.openclaw/workspace/memory/archive/2026-04-20-nightly.md and /Users/zhaozhiguo/.openclaw/workspace/memory/archive/2026-04-20-nightly.md are identical
mv: /Users/zhaozhiguo/.openclaw/workspace/memory/archive/2026-04-16-russian-study.md and /Users/zhaozhiguo/.openclaw/workspace/memory/archive/2026-04-16-russian-study.md are identical
mv: /Users/zhaozhiguo/.openclaw/workspace/memory/archive/2026-04-26.md and /Users/zhaozhiguo/.openclaw/workspace/memory/archive/2026-04-26.md are identical
mv: /Users/zhaozhiguo/.openclaw/workspace/memory/archive/2026-04-12.md and /Users/zhaozhiguo/.openclaw/workspace/memory/archive/2026-04-12.md are identical
mv: /Users/zhaozhiguo/.openclaw/workspace/memory/archive/2026-04-05.md and /Users/zhaozhiguo/.openclaw/workspace/memory/archive/2026-04-05.md are identical
mv: /Users/zhaozhiguo/.openclaw/workspace/memory/archive/2026-04-14-1137.md and /Users/zhaozhiguo/.openclaw/workspace/memory/archive/2026-04-14-1137.md are identical
mv: /Users/zhaozhiguo/.openclaw/workspace/memory/archive/2026-03-17-russian-version.md and /Users/zhaozhiguo/.openclaw/workspace/memory/archive/2026-03-17-russian-version.md are identical
mv: /Users/zhaozhiguo/.openclaw/workspace/memory/archive/2026-04-15.md and /Users/zhaozhiguo/.openclaw/workspace/memory/archive/2026-04-15.md are identical
mv: /Users/zhaozhiguo/.openclaw/workspace/memory/archive/2026-04-21.md and /Users/zhaozhiguo/.openclaw/workspace/memory/archive/2026-04-21.md are identical
mv: /Users/zhaozhiguo/.openclaw/workspace/memory/archive/2026-03-16-vendor-inquiry.md and /Users/zhaozhiguo/.openclaw/workspace/memory/archive/2026-03-16-vendor-inquiry.md are identical
mv: /Users/zhaozhiguo/.openclaw/workspace/memory/archive/2026-04-01.md and /Users/zhaozhiguo/.openclaw/workspace/memory/archive/2026-04-01.md are identical
mv: /Users/zhaozhiguo/.openclaw/workspace/memory/archive/2026-04-11.md and /Users/zhaozhiguo/.openclaw/workspace/memory/archive/2026-04-11.md are identical
mv: /Users/zhaozhiguo/.openclaw/workspace/memory/archive/2026-04-24.md and /Users/zhaozhiguo/.openclaw/workspace/memory/archive/2026-04-24.md are identical
mv: /Users/zhaozhiguo/.openclaw/workspace/memory/archive/2026-04-10.md and /Users/zhaozhiguo/.openclaw/workspace/memory/archive/2026-04-10.md are identical
mv: /Users/zhaozhiguo/.openclaw/workspace/memory/archive/2026-04-30.md and /Users/zhaozhiguo/.openclaw/workspace/memory/archive/2026-04-30.md are identical
mv: /Users/zhaozhiguo/.openclaw/workspace/memory/archive/2026-04-04.md and /Users/zhaozhiguo/.openclaw/workspace/memory/archive/2026-04-04.md are identical
mv: /Users/zhaozhiguo/.openclaw/workspace/memory/archive/2026-04-16-china-russia-exchange.md and /Users/zhaozhiguo/.openclaw/workspace/memory/archive/2026-04-16-china-russia-exchange.md are identical
mv: /Users/zhaozhiguo/.openclaw/workspace/memory/archive/2026-04-14.md and /Users/zhaozhiguo/.openclaw/workspace/memory/archive/2026-04-14.md are identical
mv: /Users/zhaozhiguo/.openclaw/workspace/memory/archive/2026-04-15-russian.md and /Users/zhaozhiguo/.openclaw/workspace/memory/archive/2026-04-15-russian.md are identical
mv: /Users/zhaozhiguo/.openclaw/workspace/memory/archive/2026-04-20.md and /Users/zhaozhiguo/.openclaw/workspace/memory/archive/2026-04-20.md are identical
mv: /Users/zhaozhiguo/.openclaw/workspace/memory/archive/2026-03-30.md and /Users/zhaozhiguo/.openclaw/workspace/memory/archive/2026-03-30.md are identical
mv: /Users/zhaozhiguo/.openclaw/workspace/memory/archive/2026-05-01.md and /Users/zhaozhiguo/.openclaw/workspace/memory/archive/2026-05-01.md are identical
mv: /Users/zhaozhiguo/.openclaw/workspace/memory/archive/2026-05-11.md and /Users/zhaozhiguo/.openclaw/workspace/memory/archive/2026-05-11.md are identical
mv: /Users/zhaozhiguo/.openclaw/workspace/memory/archive/2026-04-30-nightly.md and /Users/zhaozhiguo/.openclaw/workspace/memory/archive/2026-04-30-nightly.md are identical
mv: /Users/zhaozhiguo/.openclaw/workspace/memory/archive/2026-04-15-0215.md and /Users/zhaozhiguo/.openclaw/workspace/memory/archive/2026-04-15-0215.md are identical
mv: /Users/zhaozhiguo/.openclaw/workspace/memory/archive/2026-03-31-russian.md and /Users/zhaozhiguo/.openclaw/workspace/memory/archive/2026-03-31-russian.md are identical
mv: /Users/zhaozhiguo/.openclaw/workspace/memory/archive/2026-05-05.md and /Users/zhaozhiguo/.openclaw/workspace/memory/archive/2026-05-05.md are identical
mv: /Users/zhaozhiguo/.openclaw/workspace/memory/archive/2026-04-16-nightly.md and /Users/zhaozhiguo/.openclaw/workspace/memory/archive/2026-04-16-nightly.md are identical
mv: /Users/zhaozhiguo/.openclaw/workspace/memory/archive/2026-04-21-nightly.md and /Users/zhaozhiguo/.openclaw/workspace/memory/archive/2026-04-21-nightly.md are identical
mv: /Users/zhaozhiguo/.openclaw/workspace/memory/archive/2026-05-15.md and /Users/zhaozhiguo/.openclaw/workspace/memory/archive/2026-05-15.md are identical
mv: /Users/zhaozhiguo/.openclaw/workspace/memory/archive/2026-05-09-nightly.md and /Users/zhaozhiguo/.openclaw/workspace/memory/archive/2026-05-09-nightly.md are identical
mv: /Users/zhaozhiguo/.openclaw/workspace/memory/archive/2026-05-04.md and /Users/zhaozhiguo/.openclaw/workspace/memory/archive/2026-05-04.md are identical
mv: /Users/zhaozhiguo/.openclaw/workspace/memory/archive/2025-04-17-learning.md and /Users/zhaozhiguo/.openclaw/workspace/memory/archive/2025-04-17-learning.md are identical
mv: /Users/zhaozhiguo/.openclaw/workspace/memory/archive/2026-05-14.md and /Users/zhaozhiguo/.openclaw/workspace/memory/archive/2026-05-14.md are identical
mv: /Users/zhaozhiguo/.openclaw/workspace/memory/archive/2026-03-31.md and /Users/zhaozhiguo/.openclaw/workspace/memory/archive/2026-03-31.md are identical
mv: /Users/zhaozhiguo/.openclaw/workspace/memory/archive/2026-05-10.md and /Users/zhaozhiguo/.openclaw/workspace/memory/archive/2026-05-10.md are identical
mv: /Users/zhaozhiguo/.openclaw/workspace/memory/archive/2026-05-09-platform-switch.md and /Users/zhaozhiguo/.openclaw/workspace/memory/archive/2026-05-09-platform-switch.md are identical
mv: /Users/zhaozhiguo/.openclaw/workspace/memory/archive/2026-04-09.md and /Users/zhaozhiguo/.openclaw/workspace/memory/archive/2026-04-09.md are identical
mv: /Users/zhaozhiguo/.openclaw/workspace/memory/archive/2026-03-16-openclaw-control-ui.md and /Users/zhaozhiguo/.openclaw/workspace/memory/archive/2026-03-16-openclaw-control-ui.md are identical
mv: /Users/zhaozhiguo/.openclaw/workspace/memory/archive/2026-04-19.md and /Users/zhaozhiguo/.openclaw/workspace/memory/archive/2026-04-19.md are identical
mv: /Users/zhaozhiguo/.openclaw/workspace/memory/archive/2026-03-26.md and /Users/zhaozhiguo/.openclaw/workspace/memory/archive/2026-03-26.md are identical
mv: /Users/zhaozhiguo/.openclaw/workspace/memory/archive/2026-04-20-russian-culture.md and /Users/zhaozhiguo/.openclaw/workspace/memory/archive/2026-04-20-russian-culture.md are identical
mv: /Users/zhaozhiguo/.openclaw/workspace/memory/archive/2026-05-03.md and /Users/zhaozhiguo/.openclaw/workspace/memory/archive/2026-05-03.md are identical
mv: /Users/zhaozhiguo/.openclaw/workspace/memory/archive/2026-04-26-0117.md and /Users/zhaozhiguo/.openclaw/workspace/memory/archive/2026-04-26-0117.md are identical
mv: /Users/zhaozhiguo/.openclaw/workspace/memory/archive/2026-05-13.md and /Users/zhaozhiguo/.openclaw/workspace/memory/archive/2026-05-13.md are identical
mv: /Users/zhaozhiguo/.openclaw/workspace/memory/archive/2026-04-29.md and /Users/zhaozhiguo/.openclaw/workspace/memory/archive/2026-04-29.md are identical
mv: /Users/zhaozhiguo/.openclaw/workspace/memory/archive/2026-05-02.md and /Users/zhaozhiguo/.openclaw/workspace/memory/archive/2026-05-02.md are identical
mv: /Users/zhaozhiguo/.openclaw/workspace/memory/archive/2026-05-12.md and /Users/zhaozhiguo/.openclaw/workspace/memory/archive/2026-05-12.md are identical
mv: /Users/zhaozhiguo/.openclaw/workspace/memory/archive/2026-04-28.md and /Users/zhaozhiguo/.openclaw/workspace/memory/archive/2026-04-28.md are identical
mv: /Users/zhaozhiguo/.openclaw/workspace/memory/archive/2026-04-08.md and /Users/zhaozhiguo/.openclaw/workspace/memory/archive/2026-04-08.md are identical
mv: /Users/zhaozhiguo/.openclaw/workspace/memory/archive/2026-05-06.md and /Users/zhaozhiguo/.openclaw/workspace/memory/archive/2026-05-06.md are identical
mv: /Users/zhaozhiguo/.openclaw/workspace/memory/archive/2026-04-18.md and /Users/zhaozhiguo/.openclaw/workspace/memory/archive/2026-04-18.md are identical
mv: /Users/zhaozhiguo/.openclaw/workspace/memory/archive/2026-04-03.md and /Users/zhaozhiguo/.openclaw/workspace/memory/archive/2026-04-03.md are identical
mv: /Users/zhaozhiguo/.openclaw/workspace/memory/archive/2026-03-16-http-401-authentication-error-.md and /Users/zhaozhiguo/.openclaw/workspace/memory/archive/2026-03-16-http-401-authentication-error-.md are identical
mv: /Users/zhaozhiguo/.openclaw/workspace/memory/archive/2026-04-27.md and /Users/zhaozhiguo/.openclaw/workspace/memory/archive/2026-04-27.md are identical
mv: /Users/zhaozhiguo/.openclaw/workspace/memory/archive/2026-03-16-russian-language.md and /Users/zhaozhiguo/.openclaw/workspace/memory/archive/2026-03-16-russian-language.md are identical
mv: /Users/zhaozhiguo/.openclaw/workspace/memory/archive/2026-04-13.md and /Users/zhaozhiguo/.openclaw/workspace/memory/archive/2026-04-13.md are identical
mv: /Users/zhaozhiguo/.openclaw/workspace/memory/archive/2026-05-09.md and /Users/zhaozhiguo/.openclaw/workspace/memory/archive/2026-05-09.md are identical
mv: /Users/zhaozhiguo/.openclaw/workspace/memory/archive/2026-04-07.md and /Users/zhaozhiguo/.openclaw/workspace/memory/archive/2026-04-07.md are identical
mv: /Users/zhaozhiguo/.openclaw/workspace/memory/archive/2026-03-28.md and /Users/zhaozhiguo/.openclaw/workspace/memory/archive/2026-03-28.md are identical
mv: /Users/zhaozhiguo/.openclaw/workspace/memory/archive/2026-03-17-russia-child-travel.md and /Users/zhaozhiguo/.openclaw/workspace/memory/archive/2026-03-17-russia-child-travel.md are identical
mv: /Users/zhaozhiguo/.openclaw/workspace/memory/archive/2026-04-17.md and /Users/zhaozhiguo/.openclaw/workspace/memory/archive/2026-04-17.md are identical
mv: /Users/zhaozhiguo/.openclaw/workspace/memory/archive/2026-04-23.md and /Users/zhaozhiguo/.openclaw/workspace/memory/archive/2026-04-23.md are identical
mv: /Users/zhaozhiguo/.openclaw/workspace/memory/archive/2026-04-06.md and /Users/zhaozhiguo/.openclaw/workspace/memory/archive/2026-04-06.md are identical
mv: /Users/zhaozhiguo/.openclaw/workspace/memory/archive/2026-04-13-russian.md and /Users/zhaozhiguo/.openclaw/workspace/memory/archive/2026-04-13-russian.md are identical
mv: /Users/zhaozhiguo/.openclaw/workspace/memory/archive/2026-03-29.md and /Users/zhaozhiguo/.openclaw/workspace/memory/archive/2026-03-29.md are identical
mv: /Users/zhaozhiguo/.openclaw/workspace/memory/archive/2026-04-16.md and /Users/zhaozhiguo/.openclaw/workspace/memory/archive/2026-04-16.md are identical
mv: /Users/zhaozhiguo/.openclaw/workspace/memory/archive/2026-04-22.md and /Users/zhaozhiguo/.openclaw/workspace/memory/archive/2026-04-22.md are identical
mv: /Users/zhaozhiguo/.openclaw/workspace/memory/archive/2026-04-02.md and /Users/zhaozhiguo/.openclaw/workspace/memory/archive/2026-04-02.md are identical
mv: /Users/zhaozhiguo/.openclaw/workspace/memory/archive/2026-04-20-nightly.md and /Users/zhaozhiguo/.openclaw/workspace/memory/archive/2026-04-20-nightly.md are identical
mv: /Users/zhaozhiguo/.openclaw/workspace/memory/archive/2026-04-16-russian-study.md and /Users/zhaozhiguo/.openclaw/workspace/memory/archive/2026-04-16-russian-study.md are identical
mv: /Users/zhaozhiguo/.openclaw/workspace/memory/archive/2026-04-26.md and /Users/zhaozhiguo/.openclaw/workspace/memory/archive/2026-04-26.md are identical
mv: /Users/zhaozhiguo/.openclaw/workspace/memory/archive/2026-04-12.md and /Users/zhaozhiguo/.openclaw/workspace/memory/archive/2026-04-12.md are identical
mv: /Users/zhaozhiguo/.openclaw/workspace/memory/archive/2026-04-05.md and /Users/zhaozhiguo/.openclaw/workspace/memory/archive/2026-04-05.md are identical
mv: /Users/zhaozhiguo/.openclaw/workspace/memory/archive/2026-04-14-1137.md and /Users/zhaozhiguo/.openclaw/workspace/memory/archive/2026-04-14-1137.md are identical
mv: /Users/zhaozhiguo/.openclaw/workspace/memory/archive/2026-03-17-russian-version.md and /Users/zhaozhiguo/.openclaw/workspace/memory/archive/2026-03-17-russian-version.md are identical
mv: /Users/zhaozhiguo/.openclaw/workspace/memory/archive/2026-04-15.md and /Users/zhaozhiguo/.openclaw/workspace/memory/archive/2026-04-15.md are identical
mv: /Users/zhaozhiguo/.openclaw/workspace/memory/archive/2026-04-21.md and /Users/zhaozhiguo/.openclaw/workspace/memory/archive/2026-04-21.md are identical
mv: /Users/zhaozhiguo/.openclaw/workspace/memory/archive/2026-03-16-vendor-inquiry.md and /Users/zhaozhiguo/.openclaw/workspace/memory/archive/2026-03-16-vendor-inquiry.md are identical
mv: /Users/zhaozhiguo/.openclaw/workspace/memory/archive/2026-04-01.md and /Users/zhaozhiguo/.openclaw/workspace/memory/archive/2026-04-01.md are identical
mv: /Users/zhaozhiguo/.openclaw/workspace/memory/archive/2026-04-11.md and /Users/zhaozhiguo/.openclaw/workspace/memory/archive/2026-04-11.md are identical
mv: /Users/zhaozhiguo/.openclaw/workspace/memory/archive/2026-04-24.md and /Users/zhaozhiguo/.openclaw/workspace/memory/archive/2026-04-24.md are identical
mv: /Users/zhaozhiguo/.openclaw/workspace/memory/archive/2026-04-10.md and /Users/zhaozhiguo/.openclaw/workspace/memory/archive/2026-04-10.md are identical
mv: /Users/zhaozhiguo/.openclaw/workspace/memory/archive/2026-04-30.md and /Users/zhaozhiguo/.openclaw/workspace/memory/archive/2026-04-30.md are identical
mv: /Users/zhaozhiguo/.openclaw/workspace/memory/archive/2026-04-04.md and /Users/zhaozhiguo/.openclaw/workspace/memory/archive/2026-04-04.md are identical
mv: /Users/zhaozhiguo/.openclaw/workspace/memory/archive/2026-04-16-china-russia-exchange.md and /Users/zhaozhiguo/.openclaw/workspace/memory/archive/2026-04-16-china-russia-exchange.md are identical
mv: /Users/zhaozhiguo/.openclaw/workspace/memory/archive/2026-04-14.md and /Users/zhaozhiguo/.openclaw/workspace/memory/archive/2026-04-14.md are identical
mv: /Users/zhaozhiguo/.openclaw/workspace/memory/archive/2026-04-15-russian.md and /Users/zhaozhiguo/.openclaw/workspace/memory/archive/2026-04-15-russian.md are identical
mv: /Users/zhaozhiguo/.openclaw/workspace/memory/archive/2026-04-20.md and /Users/zhaozhiguo/.openclaw/workspace/memory/archive/2026-04-20.md are identical
mv: /Users/zhaozhiguo/.openclaw/workspace/memory/archive/2026-03-30.md and /Users/zhaozhiguo/.openclaw/workspace/memory/archive/2026-03-30.md are identical
mv: /Users/zhaozhiguo/.openclaw/workspace/memory/archive/2026-05-01.md and /Users/zhaozhiguo/.openclaw/workspace/memory/archive/2026-05-01.md are identical
mv: /Users/zhaozhiguo/.openclaw/workspace/memory/archive/2026-05-11.md and /Users/zhaozhiguo/.openclaw/workspace/memory/archive/2026-05-11.md are identical
mv: /Users/zhaozhiguo/.openclaw/workspace/memory/archive/2026-04-30-nightly.md and /Users/zhaozhiguo/.openclaw/workspace/memory/archive/2026-04-30-nightly.md are identical
mv: /Users/zhaozhiguo/.openclaw/workspace/memory/archive/2026-04-15-0215.md and /Users/zhaozhiguo/.openclaw/workspace/memory/archive/2026-04-15-0215.md are identical
mv: /Users/zhaozhiguo/.openclaw/workspace/memory/archive/2026-03-31-russian.md and /Users/zhaozhiguo/.openclaw/workspace/memory/archive/2026-03-31-russian.md are identical
mv: /Users/zhaozhiguo/.openclaw/workspace/memory/archive/2026-05-05.md and /Users/zhaozhiguo/.openclaw/workspace/memory/archive/2026-05-05.md are identical
mv: /Users/zhaozhiguo/.openclaw/workspace/memory/archive/2026-04-16-nightly.md and /Users/zhaozhiguo/.openclaw/workspace/memory/archive/2026-04-16-nightly.md are identical
mv: /Users/zhaozhiguo/.openclaw/workspace/memory/archive/2026-04-21-nightly.md and /Users/zhaozhiguo/.openclaw/workspace/memory/archive/2026-04-21-nightly.md are identical
mv: /Users/zhaozhiguo/.openclaw/workspace/memory/archive/2026-05-15.md and /Users/zhaozhiguo/.openclaw/workspace/memory/archive/2026-05-15.md are identical
mv: /Users/zhaozhiguo/.openclaw/workspace/memory/archive/2026-05-09-nightly.md and /Users/zhaozhiguo/.openclaw/workspace/memory/archive/2026-05-09-nightly.md are identical
mv: /Users/zhaozhiguo/.openclaw/workspace/memory/archive/2026-05-04.md and /Users/zhaozhiguo/.openclaw/workspace/memory/archive/2026-05-04.md are identical
mv: /Users/zhaozhiguo/.openclaw/workspace/memory/archive/2025-04-17-learning.md and /Users/zhaozhiguo/.openclaw/workspace/memory/archive/2025-04-17-learning.md are identical
mv: /Users/zhaozhiguo/.openclaw/workspace/memory/archive/2026-05-14.md and /Users/zhaozhiguo/.openclaw/workspace/memory/archive/2026-05-14.md are identical
mv: /Users/zhaozhiguo/.openclaw/workspace/memory/archive/2026-03-31.md and /Users/zhaozhiguo/.openclaw/workspace/memory/archive/2026-03-31.md are identical
mv: /Users/zhaozhiguo/.openclaw/workspace/memory/archive/2026-05-10.md and /Users/zhaozhiguo/.openclaw/workspace/memory/archive/2026-05-10.md are identical
mv: /Users/zhaozhiguo/.openclaw/workspace/memory/archive/2026-05-09-platform-switch.md and /Users/zhaozhiguo/.openclaw/workspace/memory/archive/2026-05-09-platform-switch.md are identical
mv: /Users/zhaozhiguo/.openclaw/workspace/memory/archive/2026-04-09.md and /Users/zhaozhiguo/.openclaw/workspace/memory/archive/2026-04-09.md are identical
mv: /Users/zhaozhiguo/.openclaw/workspace/memory/archive/2026-03-16-openclaw-control-ui.md and /Users/zhaozhiguo/.openclaw/workspace/memory/archive/2026-03-16-openclaw-control-ui.md are identical
mv: /Users/zhaozhiguo/.openclaw/workspace/memory/archive/2026-04-19.md and /Users/zhaozhiguo/.openclaw/workspace/memory/archive/2026-04-19.md are identical
mv: /Users/zhaozhiguo/.openclaw/workspace/memory/archive/2026-03-26.md and /Users/zhaozhiguo/.openclaw/workspace/memory/archive/2026-03-26.md are identical
mv: /Users/zhaozhiguo/.openclaw/workspace/memory/archive/2026-04-20-russian-culture.md and /Users/zhaozhiguo/.openclaw/workspace/memory/archive/2026-04-20-russian-culture.md are identical
mv: /Users/zhaozhiguo/.openclaw/workspace/memory/archive/2026-05-03.md and /Users/zhaozhiguo/.openclaw/workspace/memory/archive/2026-05-03.md are identical
mv: /Users/zhaozhiguo/.openclaw/workspace/memory/archive/2026-04-26-0117.md and /Users/zhaozhiguo/.openclaw/workspace/memory/archive/2026-04-26-0117.md are identical
mv: /Users/zhaozhiguo/.openclaw/workspace/memory/archive/2026-05-13.md and /Users/zhaozhiguo/.openclaw/workspace/memory/archive/2026-05-13.md are identical
mv: /Users/zhaozhiguo/.openclaw/workspace/memory/archive/2026-04-29.md and /Users/zhaozhiguo/.openclaw/workspace/memory/archive/2026-04-29.md are identical
mv: /Users/zhaozhiguo/.openclaw/workspace/memory/archive/2026-05-02.md and /Users/zhaozhiguo/.openclaw/workspace/memory/archive/2026-05-02.md are identical
mv: /Users/zhaozhiguo/.openclaw/workspace/memory/archive/2026-05-12.md and /Users/zhaozhiguo/.openclaw/workspace/memory/archive/2026-05-12.md are identical
mv: /Users/zhaozhiguo/.openclaw/workspace/memory/archive/2026-04-28.md and /Users/zhaozhiguo/.openclaw/workspace/memory/archive/2026-04-28.md are identical
mv: /Users/zhaozhiguo/.openclaw/workspace/memory/archive/2026-04-08.md and /Users/zhaozhiguo/.openclaw/workspace/memory/archive/2026-04-08.md are identical
mv: /Users/zhaozhiguo/.openclaw/workspace/memory/archive/2026-05-06.md and /Users/zhaozhiguo/.openclaw/workspace/memory/archive/2026-05-06.md are identical
mv: /Users/zhaozhiguo/.openclaw/workspace/memory/archive/2026-04-18.md and /Users/zhaozhiguo/.openclaw/workspace/memory/archive/2026-04-18.md are identical
mv: /Users/zhaozhiguo/.openclaw/workspace/memory/archive/2026-04-03.md and /Users/zhaozhiguo/.openclaw/workspace/memory/archive/2026-04-03.md are identical
mv: /Users/zhaozhiguo/.openclaw/workspace/memory/archive/2026-03-16-http-401-authentication-error-.md and /Users/zhaozhiguo/.openclaw/workspace/memory/archive/2026-03-16-http-401-authentication-error-.md are identical
mv: /Users/zhaozhiguo/.openclaw/workspace/memory/archive/2026-04-27.md and /Users/zhaozhiguo/.openclaw/workspace/memory/archive/2026-04-27.md are identical
mv: /Users/zhaozhiguo/.openclaw/workspace/memory/archive/2026-03-16-russian-language.md and /Users/zhaozhiguo/.openclaw/workspace/memory/archive/2026-03-16-russian-language.md are identical
mv: /Users/zhaozhiguo/.openclaw/workspace/memory/archive/2026-04-13.md and /Users/zhaozhiguo/.openclaw/workspace/memory/archive/2026-04-13.md are identical
mv: /Users/zhaozhiguo/.openclaw/workspace/memory/archive/2026-05-09.md and /Users/zhaozhiguo/.openclaw/workspace/memory/archive/2026-05-09.md are identical
mv: /Users/zhaozhiguo/.openclaw/workspace/memory/archive/2026-04-07.md and /Users/zhaozhiguo/.openclaw/workspace/memory/archive/2026-04-07.md are identical
mv: /Users/zhaozhiguo/.openclaw/workspace/memory/archive/2026-03-28.md and /Users/zhaozhiguo/.openclaw/workspace/memory/archive/2026-03-28.md are identical
mv: /Users/zhaozhiguo/.openclaw/workspace/memory/archive/2026-03-17-russia-child-travel.md and /Users/zhaozhiguo/.openclaw/workspace/memory/archive/2026-03-17-russia-child-travel.md are identical
mv: /Users/zhaozhiguo/.openclaw/workspace/memory/archive/2026-04-17.md and /Users/zhaozhiguo/.openclaw/workspace/memory/archive/2026-04-17.md are identical
mv: /Users/zhaozhiguo/.openclaw/workspace/memory/archive/2026-04-23.md and /Users/zhaozhiguo/.openclaw/workspace/memory/archive/2026-04-23.md are identical
mv: /Users/zhaozhiguo/.openclaw/workspace/memory/archive/2026-04-06.md and /Users/zhaozhiguo/.openclaw/workspace/memory/archive/2026-04-06.md are identical
mv: /Users/zhaozhiguo/.openclaw/workspace/memory/archive/2026-04-13-russian.md and /Users/zhaozhiguo/.openclaw/workspace/memory/archive/2026-04-13-russian.md are identical
mv: /Users/zhaozhiguo/.openclaw/workspace/memory/archive/2026-03-29.md and /Users/zhaozhiguo/.openclaw/workspace/memory/archive/2026-03-29.md are identical
mv: /Users/zhaozhiguo/.openclaw/workspace/memory/archive/2026-04-16.md and /Users/zhaozhiguo/.openclaw/workspace/memory/archive/2026-04-16.md are identical
mv: /Users/zhaozhiguo/.openclaw/workspace/memory/archive/2026-04-22.md and /Users/zhaozhiguo/.openclaw/workspace/memory/archive/2026-04-22.md are identical
mv: /Users/zhaozhiguo/.openclaw/workspace/memory/archive/2026-04-02.md and /Users/zhaozhiguo/.openclaw/workspace/memory/archive/2026-04-02.md are identical
mv: /Users/zhaozhiguo/.openclaw/workspace/memory/archive/2026-04-20-nightly.md and /Users/zhaozhiguo/.openclaw/workspace/memory/archive/2026-04-20-nightly.md are identical
mv: /Users/zhaozhiguo/.openclaw/workspace/memory/archive/2026-04-16-russian-study.md and /Users/zhaozhiguo/.openclaw/workspace/memory/archive/2026-04-16-russian-study.md are identical
mv: /Users/zhaozhiguo/.openclaw/workspace/memory/archive/2026-04-26.md and /Users/zhaozhiguo/.openclaw/workspace/memory/archive/2026-04-26.md are identical
mv: /Users/zhaozhiguo/.openclaw/workspace/memory/archive/2026-04-12.md and /Users/zhaozhiguo/.openclaw/workspace/memory/archive/2026-04-12.md are identical
mv: /Users/zhaozhiguo/.openclaw/workspace/memory/archive/2026-04-05.md and /Users/zhaozhiguo/.openclaw/workspace/memory/archive/2026-04-05.md are identical
mv: /Users/zhaozhiguo/.openclaw/workspace/memory/archive/2026-04-14-1137.md and /Users/zhaozhiguo/.openclaw/workspace/memory/archive/2026-04-14-1137.md are identical
mv: /Users/zhaozhiguo/.openclaw/workspace/memory/archive/2026-03-17-russian-version.md and /Users/zhaozhiguo/.openclaw/workspace/memory/archive/2026-03-17-russian-version.md are identical
mv: /Users/zhaozhiguo/.openclaw/workspace/memory/archive/2026-04-15.md and /Users/zhaozhiguo/.openclaw/workspace/memory/archive/2026-04-15.md are identical
mv: /Users/zhaozhiguo/.openclaw/workspace/memory/archive/2026-04-21.md and /Users/zhaozhiguo/.openclaw/workspace/memory/archive/2026-04-21.md are identical
mv: /Users/zhaozhiguo/.openclaw/workspace/memory/archive/2026-03-16-vendor-inquiry.md and /Users/zhaozhiguo/.openclaw/workspace/memory/archive/2026-03-16-vendor-inquiry.md are identical
mv: /Users/zhaozhiguo/.openclaw/workspace/memory/archive/2026-04-01.md and /Users/zhaozhiguo/.openclaw/workspace/memory/archive/2026-04-01.md are identical
mv: /Users/zhaozhiguo/.openclaw/workspace/memory/archive/2026-04-11.md and /Users/zhaozhiguo/.openclaw/workspace/memory/archive/2026-04-11.md are identical
mv: /Users/zhaozhiguo/.openclaw/workspace/memory/archive/2026-04-24.md and /Users/zhaozhiguo/.openclaw/workspace/memory/archive/2026-04-24.md are identical
mv: /Users/zhaozhiguo/.openclaw/workspace/memory/archive/2026-04-10.md and /Users/zhaozhiguo/.openclaw/workspace/memory/archive/2026-04-10.md are identical
mv: /Users/zhaozhiguo/.openclaw/workspace/memory/archive/2026-04-30.md and /Users/zhaozhiguo/.openclaw/workspace/memory/archive/2026-04-30.md are identical
mv: /Users/zhaozhiguo/.openclaw/workspace/memory/archive/2026-04-04.md and /Users/zhaozhiguo/.openclaw/workspace/memory/archive/2026-04-04.md are identical
mv: /Users/zhaozhiguo/.openclaw/workspace/memory/archive/2026-04-16-china-russia-exchange.md and /Users/zhaozhiguo/.openclaw/workspace/memory/archive/2026-04-16-china-russia-exchange.md are identical
mv: /Users/zhaozhiguo/.openclaw/workspace/memory/archive/2026-04-14.md and /Users/zhaozhiguo/.openclaw/workspace/memory/archive/2026-04-14.md are identical
mv: /Users/zhaozhiguo/.openclaw/workspace/memory/archive/2026-04-15-russian.md and /Users/zhaozhiguo/.openclaw/workspace/memory/archive/2026-04-15-russian.md are identical
mv: /Users/zhaozhiguo/.openclaw/workspace/memory/archive/2026-04-20.md and /Users/zhaozhiguo/.openclaw/workspace/memory/archive/2026-04-20.md are identical
mv: /Users/zhaozhiguo/.openclaw/workspace/memory/archive/2026-03-30.md and /Users/zhaozhiguo/.openclaw/workspace/memory/archive/2026-03-30.md are identical
mv: /Users/zhaozhiguo/.openclaw/workspace/memory/archive/2026-05-01.md and /Users/zhaozhiguo/.openclaw/workspace/memory/archive/2026-05-01.md are identical
mv: /Users/zhaozhiguo/.openclaw/workspace/memory/archive/2026-05-11.md and /Users/zhaozhiguo/.openclaw/workspace/memory/archive/2026-05-11.md are identical
mv: /Users/zhaozhiguo/.openclaw/workspace/memory/archive/2026-04-30-nightly.md and /Users/zhaozhiguo/.openclaw/workspace/memory/archive/2026-04-30-nightly.md are identical
mv: /Users/zhaozhiguo/.openclaw/workspace/memory/archive/2026-04-15-0215.md and /Users/zhaozhiguo/.openclaw/workspace/memory/archive/2026-04-15-0215.md are identical
mv: /Users/zhaozhiguo/.openclaw/workspace/memory/archive/2026-03-31-russian.md and /Users/zhaozhiguo/.openclaw/workspace/memory/archive/2026-03-31-russian.md are identical
mv: /Users/zhaozhiguo/.openclaw/workspace/memory/archive/2026-05-05.md and /Users/zhaozhiguo/.openclaw/workspace/memory/archive/2026-05-05.md are identical
mv: /Users/zhaozhiguo/.openclaw/workspace/memory/archive/2026-04-16-nightly.md and /Users/zhaozhiguo/.openclaw/workspace/memory/archive/2026-04-16-nightly.md are identical
mv: /Users/zhaozhiguo/.openclaw/workspace/memory/archive/2026-04-21-nightly.md and /Users/zhaozhiguo/.openclaw/workspace/memory/archive/2026-04-21-nightly.md are identical
mv: /Users/zhaozhiguo/.openclaw/workspace/memory/archive/2026-05-15.md and /Users/zhaozhiguo/.openclaw/workspace/memory/archive/2026-05-15.md are identical
mv: /Users/zhaozhiguo/.openclaw/workspace/memory/archive/2026-05-09-nightly.md and /Users/zhaozhiguo/.openclaw/workspace/memory/archive/2026-05-09-nightly.md are identical
mv: /Users/zhaozhiguo/.openclaw/workspace/memory/archive/2026-05-04.md and /Users/zhaozhiguo/.openclaw/workspace/memory/archive/2026-05-04.md are identical
mv: /Users/zhaozhiguo/.openclaw/workspace/memory/archive/2025-04-17-learning.md and /Users/zhaozhiguo/.openclaw/workspace/memory/archive/2025-04-17-learning.md are identical
mv: /Users/zhaozhiguo/.openclaw/workspace/memory/archive/2026-05-14.md and /Users/zhaozhiguo/.openclaw/workspace/memory/archive/2026-05-14.md are identical
mv: /Users/zhaozhiguo/.openclaw/workspace/memory/archive/2026-03-31.md and /Users/zhaozhiguo/.openclaw/workspace/memory/archive/2026-03-31.md are identical
mv: /Users/zhaozhiguo/.openclaw/workspace/memory/archive/2026-05-10.md and /Users/zhaozhiguo/.openclaw/workspace/memory/archive/2026-05-10.md are identical
